Date,Open,High,Low,Last,Close,Total Trade Quantity,Turnover (Lacs)
04-01-2010,1121,1151,1121,1134,1135.6,101651,1157.18
05-01-2010,1146.8,1149,1128.75,1135,1134.6,59504,676.47
06-01-2010,1140,1164.25,1130.05,1137,1139.6,128908,1482.84
07-01-2010,1142,1159.4,1119.2,1141,1144.15,117871,1352.98
08-01-2010,1156,1172,1140,1141.2,1144.05,170063,1971.42
11-01-2010,1154,1159.45,1134.1,1140.1,1137,58910,674.55
12-01-2010,1150,1156.9,1117.05,1141.1,1143.65,113364,1296.07
13-01-2010,1130,1156.8,1125,1138.3,1142.25,55644,634.85
14-01-2010,1148.5,1168.5,1145.15,1148,1148.2,94256,1084.88
15-01-2010,1159.9,1232,1151,1205,1207.05,491686,5937.04
18-01-2010,1215,1262.3,1197,1234.05,1236.25,364935,4503.03
19-01-2010,1247,1275,1215.1,1220,1221.25,283358,3547.08
20-01-2010,1225.9,1241.9,1178.6,1185.15,1186.2,144440,1739.8
21-01-2010,1181,1187.8,1136,1158.3,1150.15,107281,1247.78
22-01-2010,1145,1179.9,1094.1,1161.05,1170.75,129148,1466.66
25-01-2010,1155,1179.45,1146,1148.05,1154.7,51565,598.59
27-01-2010,1158.9,1173.9,1044,1047.65,1058.6,157451,1755.52
28-01-2010,1078,1084,1032,1045,1039.3,161794,1701.87
29-01-2010,1039.3,1074.7,1005,1072.4,1068.95,101678,1055.75
01-02-2010,1064,1148.9,1051.3,1145.15,1140.1,141835,1580.21
02-02-2010,1150,1169,1100.05,1109.9,1107.95,72595,824.5
03-02-2010,1119.4,1145.9,1105.1,1119,1118.8,83926,944.75
04-02-2010,1125.8,1139.95,1085.1,1090,1090.3,62220,697.16
05-02-2010,1051,1089,1016.6,1074.1,1070.45,91747,973.34
06-02-2010,1071,1088,1070,1088,1080.4,12254,132.49
08-02-2010,1089.8,1109,1065.55,1097.35,1095.65,59599,650.37
09-02-2010,1094,1114.1,1080,1111.8,1109,54591,601.79
10-02-2010,1110,1127.9,1035,1096,1095.45,48414,540.04
11-02-2010,1101.05,1129,1095.1,1120.5,1120.55,212087,2371.54
15-02-2010,1127.5,1156.9,1127,1142,1139.65,132333,1514.86
16-02-2010,1149,1153,1131,1140,1137.9,62820,715.96
17-02-2010,1175,1190,1139.05,1144,1142.75,72599,834.44
18-02-2010,1155,1155,1126.65,1132,1131,44972,512.59
19-02-2010,1134.4,1151.7,1096.3,1117,1116.4,79508,895.91
22-02-2010,1129,1147,1086.15,1090.3,1094,83180,925.17
23-02-2010,1091,1095,1062,1063,1065,98527,1059.5
24-02-2010,1065,1076.8,1037.2,1041.3,1046.45,333595,3524.43
25-02-2010,1022.65,1056,1001,1017,1011.15,209785,2143.2
26-02-2010,1021.9,1040.8,1010,1014,1013.55,81532,835.82
02-03-2010,1035,1050,1025.3,1042.9,1042,65588,683.32
03-03-2010,1052,1059.8,1030,1035,1035.85,69608,725.71
04-03-2010,1038,1053,1031,1050,1048.9,68310,713.91
05-03-2010,1057.9,1077.9,1056,1065.4,1064.3,94744,1009.64
08-03-2010,1074,1080.1,1067,1070,1069.8,38993,418.11
09-03-2010,1061.15,1073.8,1057.2,1064.45,1063.75,32654,347.93
10-03-2010,1065,1078,1057,1062.7,1059.55,27644,294.97
11-03-2010,1074.9,1074.9,1041.65,1045,1044.85,39357,413.13
12-03-2010,1050,1054.9,1028,1037,1036.15,35454,368.38
15-03-2010,1053,1053,1016,1018.05,1019.55,71358,729.3
16-03-2010,1024,1034,1016.1,1030,1029.2,49729,509.49
17-03-2010,1033,1047,1031,1045,1038.85,52955,550.13
18-03-2010,1042,1063,1038.05,1049,1049.25,69265,728.9
19-03-2010,1060,1074.9,1056,1058,1063.1,97937,1046.57
22-03-2010,1057.9,1057.9,1040,1050.2,1050.2,25761,270.15
23-03-2010,1059,1068.9,1036.25,1050.1,1045.1,33295,347.86
25-03-2010,1053,1053,1029.4,1031,1033.85,49233,509.93
26-03-2010,1033,1057.9,1033,1048.45,1050.45,37075,388.37
29-03-2010,1044.2,1074.6,1044.2,1057,1057.6,38932,413.84
30-03-2010,1053.2,1073,1043,1050,1047.95,29944,317.39
31-03-2010,1050.25,1059.55,1041,1050,1049.6,32181,338.19
01-04-2010,1053.5,1068,1052,1059,1059,22054,234.19
05-04-2010,1065,1073.7,1058.15,1064.5,1064.15,33918,361.46
06-04-2010,1070,1102.4,1066,1094.05,1087.85,135461,1475.33
07-04-2010,1092,1105,1068,1075.5,1076.45,68628,746.83
08-04-2010,1075,1090,1065,1068.35,1069.6,33589,360.61
09-04-2010,1165,1165,1062,1079,1077.05,134661,1449.58
12-04-2010,1085,1102,1075,1079,1081.3,55826,608.17
13-04-2010,1085,1092,1072,1074.25,1074.65,32519,350.4
15-04-2010,1080,1089.95,1065,1065,1067.45,19955,214.38
16-04-2010,1067.5,1068.8,1042.2,1044.9,1046.3,32714,343.48
19-04-2010,1040,1040,1017,1035.35,1036.45,67384,694.65
20-04-2010,1039.95,1049,1026,1033,1038.55,26486,275.53
21-04-2010,1045,1055,1027,1027.6,1031.25,60178,624
22-04-2010,1028,1042,1020,1020.05,1025.6,78477,807.83
23-04-2010,1028,1037,1018.7,1036.5,1032.95,72721,744.49
26-04-2010,1040,1054,1030.7,1046.6,1050.4,65769,685.94
27-04-2010,1049,1066.9,1040.25,1048.55,1050.9,67007,709.04
28-04-2010,1032,1056.5,1031.1,1047,1047.05,145178,1521.29
29-04-2010,1044.4,1064.95,1037,1048,1049.4,57167,603.34
30-04-2010,1055,1058.25,1045,1049.4,1048.05,14319,150.33
03-05-2010,1045,1054.8,1035,1039,1038.05,65226,678.02
04-05-2010,1049.7,1049.7,1021.5,1026.95,1026.7,25181,259.66
05-05-2010,1005,1026,991.85,1012.15,1012.2,40409,408.22
06-05-2010,1040,1040,1007,1015,1014.85,15665,159.32
07-05-2010,1009,1011,984.4,988,988.25,25673,255.21
10-05-2010,1009,1017.85,992,1004.2,1006.5,11263,113.15
11-05-2010,1007,1017,991,991.2,995.2,11848,118.64
12-05-2010,1018,1018,990.85,998,995,9674,96.54
13-05-2010,1014,1014,999,1012.4,1009.4,10377,104.39
14-05-2010,1005.4,1013.7,995,1002,1005.05,10416,105.09
17-05-2010,1012,1012,980.1,1003.15,1002.65,20327,202.1
18-05-2010,997,1057,990,1050,1048.6,78808,818.97
19-05-2010,1025,1043,978.1,988,984.85,39641,400.11
20-05-2010,999.7,1007.95,984,992.75,991.05,10530,104.41
21-05-2010,980,1000,965,995.05,995.4,52638,519.88
24-05-2010,1005,1010,995,998,999.5,7614,76.23
25-05-2010,1005,1005,970.05,975,975.7,104754,1021.56
26-05-2010,975,998.95,965.7,974.1,976.7,9448,92.25
27-05-2010,996.8,996.8,952,962.9,963.9,51296,495.81
28-05-2010,983.9,984.9,970,980,981.3,20813,203.88
31-05-2010,975,977,962,972,970.55,28279,274.43
01-06-2010,962,969.9,957,963.9,965,28317,272.58
02-06-2010,970,979.95,962,967,968.25,8483,82.19
03-06-2010,980,1008.7,971,994.9,994,38011,378.2
04-06-2010,999,1009.8,995,997.05,1000.55,21172,212.14
07-06-2010,990,995,973,975,978.05,7609,74.62
08-06-2010,968,1007.65,968,997.85,996.75,28797,286.29
09-06-2010,1005.7,1006,992.25,993.9,996.95,6902,68.86
10-06-2010,997,1005.6,991.1,996,999.3,6982,69.69
11-06-2010,1009,1018,993,997.8,1001.15,33032,332.21
14-06-2010,1010,1025,998,1018.9,1013.7,15734,158.86
15-06-2010,1015,1018,1004.5,1010,1011.55,6288,63.53
16-06-2010,1012,1018.8,1004,1015.75,1010.4,16351,165.42
17-06-2010,1006.5,1020,1001.25,1013,1013.75,9701,98.15
18-06-2010,1020,1025,1006,1020.25,1021.85,16882,171.98
21-06-2010,1028,1047,1023.1,1033,1036.35,66066,686.6
22-06-2010,1046,1046,1018,1018.5,1021.2,36936,380.58
23-06-2010,1018,1032.8,1018,1021.2,1027.5,17893,183.65
24-06-2010,1033.2,1044.95,1001,1007.9,1003.7,105465,1063.89
25-06-2010,1001,1015,995.1,1008,1008.95,13163,132.68
28-06-2010,1010,1018,1002.7,1009,1010.2,9068,91.69
29-06-2010,1012,1013,991.05,999,998.3,13392,134.12
30-06-2010,998,1006.4,985.1,995.1,1000.6,11286,112.92
01-07-2010,1000.6,1006.95,990,993,995,7369,73.56
02-07-2010,1000,1014.8,996.2,1001.8,1000.2,23677,238.05
05-07-2010,1000,1009.35,981.7,985.1,984.4,24764,245.67
06-07-2010,999.75,999.75,987.05,990.2,996.4,133016,1318.51
07-07-2010,997,1018.05,995.05,999,1002.15,43552,439.68
08-07-2010,1010,1016,993.1,998,999.35,26904,270.52
09-07-2010,1000,1012.7,993,1001,1001.25,31534,316.3
12-07-2010,1009,1011,997,998.05,999.25,27157,272.08
13-07-2010,1004.95,1009.4,990.05,996.4,996.2,45550,454.47
14-07-2010,1004,1034.95,990.25,1012.7,1014.25,110815,1123.04
15-07-2010,1014,1030,1013,1020,1018.2,39177,400.41
16-07-2010,1022,1025.15,1002,1004,1003.95,19952,201.69
19-07-2010,1000,1050,1000,1022,1020.35,89310,920.18
20-07-2010,1025,1031.9,1015,1022,1021.25,16064,164.35
21-07-2010,1023,1039,1021,1031,1033.5,24002,247.12
22-07-2010,1035.5,1045,1023,1026,1028.15,42805,442.62
23-07-2010,1039.9,1039.9,1015,1015.25,1020.55,29215,300.16
26-07-2010,1021,1030,1013,1013.05,1017.5,36566,373.57
27-07-2010,1005.6,1021,1005.6,1014.15,1014.65,59031,598.56
28-07-2010,1015.1,1019,1008.9,1015,1014.1,13056,132.38
29-07-2010,1019,1019,1001.7,1008.35,1008.4,24144,243.71
30-07-2010,1000,1026,1000,1018.7,1015.95,14347,145.92
02-08-2010,1017,1037,1001.6,1032,1030.95,32930,339.14
03-08-2010,1030.05,1036,1020.05,1027,1027.05,17365,178.78
04-08-2010,1033.9,1036,1019,1021.05,1026.15,20250,208.32
05-08-2010,1029.15,1031.95,1022.25,1022.25,1025.45,10242,105.37
06-08-2010,1034,1050,1011,1016,1013.65,47265,485.75
09-08-2010,1009,1015,1000.4,1011,1010.7,13529,136.41
10-08-2010,1011,1021.25,1005,1006,1005.6,57735,582.52
11-08-2010,1008,1011.95,993.05,995,995.8,125617,1251.58
12-08-2010,990,1000.1,980.5,991,992.05,14677,145.64
13-08-2010,993.4,1034.9,990.15,1008.05,1009.2,134370,1358.45
16-08-2010,1015,1018,1005.35,1008.05,1009.9,45768,462.92
17-08-2010,1014,1028.95,1005,1016,1016,72296,735.18
18-08-2010,1017,1023.5,1002.6,1018,1019.1,38961,397.14
19-08-2010,1020.25,1027.9,1016,1022,1022.45,61442,628.38
20-08-2010,1049,1049,1015,1021,1020.3,33377,341.11
23-08-2010,1031.9,1031.9,1016.1,1022,1021.15,71838,733.03
24-08-2010,1026,1029.75,1018.4,1019.1,1020.45,44442,453.46
25-08-2010,1010,1027.7,1010,1022,1022.1,147581,1507
26-08-2010,1022,1034,995.55,1001.75,1002.35,258809,2646.58
27-08-2010,1004,1015,990.55,1005.7,1004.05,55618,557.88
30-08-2010,1009,1014.75,994,1008,1009.3,20599,207.86
31-08-2010,1005,1012,999.6,1010,1009,13773,138.24
01-09-2010,1010,1017.65,1006.25,1015,1013.15,12896,130.34
02-09-2010,1018,1065,1010.5,1061,1061.1,378393,3982.91
03-09-2010,1065,1159,1065,1133.3,1134.05,633757,7077.23
06-09-2010,1139,1209.9,1139,1195,1195.05,447868,5320.88
07-09-2010,1200,1210,1173.2,1188.95,1188,199113,2370.82
08-09-2010,1185,1193,1161,1184.5,1172.3,141756,1663.94
09-09-2010,1180,1238,1180,1206.25,1205.95,275297,3349.32
13-09-2010,1229.9,1229.9,1170,1185,1185.1,80142,956.26
14-09-2010,1180,1202.75,1167.35,1170,1170.3,41464,488.09
15-09-2010,1170.1,1183,1144,1166.9,1168.1,80207,934.14
16-09-2010,1170,1170,1145.9,1151.5,1152.6,56444,654.29
17-09-2010,1150,1186.85,1150,1158.85,1164.8,98878,1157.29
20-09-2010,1165,1175,1150.7,1157.7,1161.35,34984,406.11
21-09-2010,1165.05,1175,1135,1144,1141.1,42152,483.36
22-09-2010,1143.9,1168.45,1130.2,1138.95,1137.85,39783,457.63
23-09-2010,1140.15,1152.3,1093,1113.1,1110.55,52154,579.73
24-09-2010,1105.05,1114.85,1084.15,1088,1090.8,88538,969
27-09-2010,1095.55,1123.95,1075,1113.5,1114.9,86140,960.76
28-09-2010,1120,1120,1106,1112.95,1112.95,46237,515.21
29-09-2010,1112.05,1124,1103,1103,1106.05,82736,923.71
30-09-2010,1091,1108,1075,1087.9,1079.15,51616,559.46
01-10-2010,1096,1137,1080,1111,1107.45,92946,1028.03
04-10-2010,1083.6,1154,1083.6,1142.05,1144.3,218752,2458.91
05-10-2010,1156,1211,1147.2,1206.3,1190.25,146062,1712.96
06-10-2010,1208,1222,1165.2,1183.4,1178.1,79564,953.22
07-10-2010,1190,1208,1133.15,1150.35,1152.4,97127,1139.71
08-10-2010,1166.05,1170,1136.3,1148,1144.65,21969,252.43
11-10-2010,1155,1169,1146.4,1159,1157.9,21652,250.15
12-10-2010,1168.9,1168.9,1123.1,1139.95,1144.8,32687,373.49
13-10-2010,1145.15,1177,1132.9,1140.95,1141.65,46946,539.67
14-10-2010,1145.1,1159,1140.1,1144.25,1145.35,18578,213.71
15-10-2010,1148.8,1162.9,1126.4,1130,1139.35,52674,604.96
18-10-2010,1140,1142.9,1092.25,1126,1121.7,47738,531.1
19-10-2010,1119,1156.5,1119,1126.2,1133,27581,314.09
20-10-2010,1130,1147.5,1122,1129.6,1129.6,24288,275.11
21-10-2010,1133,1154,1133,1145.1,1146.35,26001,298.05
22-10-2010,1149.8,1162.9,1135,1139.5,1142.45,13474,154.57
25-10-2010,1147.05,1147.05,1128,1130,1130.15,21941,249.62
26-10-2010,1126.05,1138,1126.05,1131.7,1131.4,7226,81.8
27-10-2010,1135.1,1139.85,1101,1135,1124.75,40538,454.11
28-10-2010,1120.5,1138.8,1085,1102,1094.15,45420,500.27
29-10-2010,1095,1140,1076,1119.9,1123.65,35255,391.69
01-11-2010,1104,1121.5,1092.6,1115,1110.85,9789,108.9
02-11-2010,1114.2,1117,1095.55,1102.5,1100.9,13217,146.01
03-11-2010,1104.2,1147,1104.2,1134,1128.95,43186,489.54
04-11-2010,1150,1165,1125.15,1140,1136.15,22868,260.16
05-11-2010,1160,1160,1116.6,1132,1133.85,2873,32.61
08-11-2010,1135,1148.75,1123,1135,1135.3,18007,204.94
09-11-2010,1132,1145.45,1115.05,1120.25,1120.75,18950,213.32
10-11-2010,1220,1220,1110,1125,1127.6,8076,91.07
11-11-2010,1122.05,1166.65,1122.05,1132,1125.85,92853,1061.67
12-11-2010,1140,1158,1090.05,1095,1103.55,78207,885.97
15-11-2010,1108,1128,1091.7,1099.5,1099.85,44223,486.41
16-11-2010,1114.4,1120,1082.65,1101.1,1104,52947,581.88
18-11-2010,1105.85,1105.85,1058,1101.5,1100.45,26813,291.73
19-11-2010,1080.1,1117,1073.3,1082,1093.5,14806,163.61
22-11-2010,1093.05,1100,1080,1086.3,1085.85,84690,921.09
23-11-2010,1081,1094,1073.35,1085,1077.65,18261,197.66
24-11-2010,1085.85,1093.9,1056,1057,1065,8545,91.77
25-11-2010,1066,1084,1020.1,1031.2,1041.5,33144,346.65
26-11-2010,1039,1049.9,953.1,987,990.7,55183,544.34
29-11-2010,987,994.6,970,977.55,980.2,25597,251.28
30-11-2010,975,991.75,957.1,985.95,982.9,26878,263.35
01-12-2010,998,1025,986,1017.75,1018.4,74580,748.61
02-12-2010,1028.95,1037,1020,1023,1026.15,11686,120.15
03-12-2010,1022,1028,1005.2,1013.2,1009.2,6531,66.14
06-12-2010,1012,1029,1000.15,1004,1005.6,7646,77.52
07-12-2010,1005,1039,996,1015.15,1023.45,20920,212.17
08-12-2010,1023.5,1026,998.15,1005,1004.95,12005,121
09-12-2010,1014.8,1014.8,995.05,1002.9,1000.3,32187,322.1
10-12-2010,1012.6,1012.6,990,998,998,16192,162.07
13-12-2010,1000.05,1008,981.05,1000,999.7,11897,118.98
14-12-2010,1009,1019,1000,1004.05,1004.95,37018,371.38
15-12-2010,1001.05,1023.9,989,994.5,991.8,23830,238.3
16-12-2010,990,1000,985,990,989,13123,130.09
20-12-2010,995,999.9,985.2,995,992.3,9313,92.49
21-12-2010,1004,1004,995,999.5,997.75,5675,56.69
22-12-2010,1000,1009.45,990.1,991,992.65,6873,68.64
23-12-2010,993,1003.95,990.1,994,993.1,11993,119.25
24-12-2010,986,998.95,986,995,994.3,10880,108.18
27-12-2010,999,999.55,975.1,979.95,979.55,31470,309.5
28-12-2010,978,992.85,972,978,977.6,41919,409.86
29-12-2010,979.3,988.6,975,986,984.05,15744,154.61
30-12-2010,986,1005,982.15,1001,998.8,21031,208.74
31-12-2010,999,1048,999,1035.8,1032.25,63910,653.82
03-01-2011,1039.95,1052.6,1025,1028,1028.2,24200,249.91
04-01-2011,1038.2,1040,1019.75,1021,1023.75,16249,166.62
05-01-2011,1025,1031,1004,1007,1006.65,13830,139.9
06-01-2011,1019.75,1029.8,990.2,994,993.95,47200,472.75
07-01-2011,1003,1005,984,993,987.05,26697,263.82
10-01-2011,989.95,990,965,968,967.25,14575,141.87
11-01-2011,965.1,974,940.35,971,962.2,41217,392.85
12-01-2011,950,974,948.05,970,967.35,27053,260.71
13-01-2011,970,994,950.05,955,954.15,32189,312.17
14-01-2011,960.25,968.9,945,946,949.7,23280,223.47
17-01-2011,945,957,931,945,945.2,55856,527.5
18-01-2011,962,962,925.15,940,939.9,42006,394.32
19-01-2011,938,953,932.2,940,940.8,9129,86.18
20-01-2011,931.05,950,931.05,944,942.85,6186,58.27
21-01-2011,938,963,937.5,948.2,949.15,28941,275.43
24-01-2011,950,961,935.1,944.85,943.55,21976,208.3
25-01-2011,950,952,923,923,929.35,36163,339.54
27-01-2011,928.25,930,901.05,911.75,905.5,78927,720.81
28-01-2011,910,915.85,875.15,886.85,887.7,27893,249.55
31-01-2011,880,880,857.05,869,870.1,25589,222.42
01-02-2011,856,878.75,817.4,820,829.3,33464,284.54
02-02-2011,844.25,849.9,810,810.25,819.7,60490,503.41
03-02-2011,835,835,797,811.5,813.95,35633,288.87
04-02-2011,825,825,790,796.15,794.65,39220,316.49
07-02-2011,820,820,756,759,759.85,75767,582.38
08-02-2011,776,776,659,671.6,675.3,722501,4944.41
09-02-2011,673,677,570,585,584.85,2191557,13493.69
10-02-2011,579.95,615.25,576,592.15,589.2,751123,4485.9
11-02-2011,602.45,625.1,586,620,614.45,455514,2752.53
14-02-2011,626,655.15,621.2,651,651,342545,2191.13
15-02-2011,657,677.05,645,657.85,660.7,296459,1964.35
16-02-2011,660,680,655.7,666,668.75,179817,1204.34
17-02-2011,669,683,665,678.5,679.65,158677,1075.27
18-02-2011,662.6,694.25,651.15,665,658.55,180834,1221.24
21-02-2011,670,673.7,652.35,670.8,668,80611,532.72
22-02-2011,669,685.5,658.15,664.45,663.95,148382,994.9
23-02-2011,665,673.3,658.95,660.05,660.4,47116,313.6
24-02-2011,664.9,667.85,604,632,633.6,448689,2809.83
25-02-2011,640,663.9,601,612.1,613.5,872955,5477.3
28-02-2011,616.1,627,605.35,620,620.45,142693,883.58
01-03-2011,629,645.5,620,641,642.85,137435,875.3
03-03-2011,640,657,628.6,646.5,646.6,86200,557.82
04-03-2011,644,659.6,641.3,642.1,643.7,51726,336.89
07-03-2011,625.6,642.3,620,639.8,637.55,48800,309.55
08-03-2011,640.05,651,636.25,640,641,57596,370.59
09-03-2011,642.5,672,642.5,663.5,662.45,93729,621.61
10-03-2011,660,661.8,646,653.6,654.2,42858,280.98
11-03-2011,650,670.6,640,666.8,665.95,132173,871.47
14-03-2011,667,676,663.1,668.5,671.45,87498,586.81
15-03-2011,650,689,635.2,673,673.4,131672,884.63
16-03-2011,687.95,687.95,671.85,673.95,675.4,53916,364.63
17-03-2011,674,676.8,656.55,675.1,669.95,51642,345.28
18-03-2011,660.15,679.85,652.4,654,660.05,129300,859.72
21-03-2011,660.15,667,650.25,662,662.6,43944,290.47
22-03-2011,669.7,669.7,655,662,661.45,108016,713.48
23-03-2011,669.9,687.5,664.95,677.2,679.95,149323,1015.8
24-03-2011,680,704.95,675,688.45,685.9,104548,724.8
25-03-2011,698.3,708,688,699.25,698.3,116766,819.58
28-03-2011,680.6,709.4,680.6,687.5,692.15,72175,499.54
29-03-2011,689.9,696.9,682.45,691.5,691.25,36729,253.66
30-03-2011,704.1,704.1,690.05,692,693.55,32234,224.68
31-03-2011,699.95,699.95,673.05,690,681.95,101578,698.28
01-04-2011,691.95,717.6,683.05,704.25,705.95,109189,771.49
04-04-2011,712,740,707,739.05,737.6,126306,918.33
05-04-2011,745.65,758,732.15,750.1,749.9,95564,712.91
06-04-2011,763.4,764.85,745.15,749.5,750.6,78233,591.75
07-04-2011,752.05,770.05,743.6,758.3,759.25,100710,765.72
08-04-2011,760.1,761,730.65,735.25,736.05,64734,482.61
11-04-2011,734.95,746.45,720.55,723,722.85,38678,281.63
13-04-2011,718.95,739.65,716,729.05,729.95,74885,547.26
15-04-2011,737.35,737.35,724,725.05,728.15,46625,340.12
18-04-2011,723.05,739.9,720.1,723.95,724.3,37974,277.41
19-04-2011,722.15,732.1,712.05,717.1,715.9,31770,228.61
20-04-2011,728.8,730,717.5,723.95,723.05,20115,145.93
21-04-2011,726.35,734.9,720.25,725.7,725.35,13231,96.15
25-04-2011,728,734.75,718.25,725.5,727.7,28445,206.71
26-04-2011,721.05,727.25,716.35,724,724.3,13864,100.1
27-04-2011,724.8,729,718.2,723,720.9,23784,172.1
28-04-2011,720,724.9,705.4,714.4,708.35,64842,461.28
29-04-2011,721.3,721.3,687.2,697.5,694.85,30652,214.08
02-05-2011,686,700,655,670,670.6,48880,328.41
03-05-2011,685,689.8,654.2,662,662.8,60952,413.37
04-05-2011,664.05,678,655.95,671,674.05,40199,269.17
05-05-2011,688.95,688.95,655.1,657.5,657.65,42224,282.28
06-05-2011,661.1,670.55,655.6,668,668.7,29406,195.28
09-05-2011,651,684.9,651,663,665.8,13872,92.81
10-05-2011,677.8,677.8,658.2,661,661.35,15202,101.19
11-05-2011,670,670,657.9,664,660.95,18395,121.89
12-05-2011,664,667,655.55,656.5,657.55,21495,142.16
13-05-2011,652.05,666.85,639.2,658,659.3,27285,180.27
16-05-2011,662.05,662.65,648.05,652,652.15,16123,105.62
17-05-2011,640.4,656,640.4,649,646.55,13665,88.73
18-05-2011,658.25,658.25,637.5,640,640.45,29794,192.28
19-05-2011,646.95,646.95,638,638.05,638.8,32776,210.14
20-05-2011,630.1,646.95,628,643.5,643.55,17721,113.94
23-05-2011,645,649.85,628,629.9,630.35,13001,82.26
24-05-2011,630.05,637.4,620.25,624,622.85,24487,153.24
25-05-2011,622.9,622.9,602.65,613,613,98938,602.31
26-05-2011,613.15,630,608,627.9,625.25,42290,263.22
27-05-2011,620.6,661,620.6,650,650.85,54678,354.84
30-05-2011,650,661.8,645,646.05,646.85,42583,277.67
31-05-2011,651.95,662.8,644,658.15,653.1,49932,325.15
01-06-2011,651.15,657,610,610,612.45,399463,2473.96
02-06-2011,609.4,610,582.3,605,603.75,185691,1116.85
03-06-2011,605,615,600.1,604.2,604,77658,472.62
06-06-2011,610.95,610.95,596.65,599.7,598.45,55415,333.41
07-06-2011,602.85,603,594.05,598.5,599,86730,519.75
08-06-2011,596,605.4,596,601.5,599.65,23178,139.25
09-06-2011,597.05,602.9,597.05,599.2,599.5,26643,159.85
10-06-2011,606,606,594.65,595.05,596.35,60099,358.73
13-06-2011,587,598.15,582.3,588.7,588.25,32284,190.55
14-06-2011,598.9,598.9,582.05,584,583.75,39887,234.08
15-06-2011,589,589.5,582.5,586,584.95,43714,255.98
16-06-2011,585,585.8,578.1,580,579.75,24345,141.62
17-06-2011,582.05,593,575,590,587.95,42327,247.19
20-06-2011,590,594.8,552,571,572.7,72415,417.7
21-06-2011,580.95,580.95,555,556,559.4,227763,1291.22
22-06-2011,562.05,563.95,538,540,541.2,52568,286.93
23-06-2011,541.2,557.65,529,549,552.15,80586,439.84
24-06-2011,556.05,576.9,556,566.1,568.15,116422,663.58
27-06-2011,552.6,587,552,579.8,578,65940,381.47
28-06-2011,580,586.65,579,584.9,583.5,38689,225.83
29-06-2011,576.75,598.9,576.75,591.25,592.75,47266,279.99
30-06-2011,596.7,599,578,580,580.2,61080,356.55
01-07-2011,576,594.95,575.75,592,589.35,65796,387.48
04-07-2011,594,598.75,588,598.5,594.45,38182,226.85
05-07-2011,594.45,619,594.45,609.2,610.05,119150,729.13
06-07-2011,612,614.8,591.95,605.5,607.15,66841,404.3
07-07-2011,596,617,596,608.2,609.25,32692,199.45
08-07-2011,609.35,614,601,603.45,602.75,24450,148.24
11-07-2011,601,611.7,597.05,599,598.35,18018,108.56
12-07-2011,603.95,604,585.15,590,590.15,29928,176.92
13-07-2011,596.2,600,591.05,591.65,594.2,36246,215.69
14-07-2011,582.2,601,582.2,596,595.8,30532,181.79
15-07-2011,599.95,603.05,584.9,589,589.45,44553,262.97
18-07-2011,589,592.7,581,585.65,583.2,115263,676.08
19-07-2011,588.95,588.95,580,580.95,581.5,79362,463.32
20-07-2011,585.05,586.9,575,575,576.75,20354,118.15
21-07-2011,582.6,582.6,566.05,568.65,568.9,32680,187.32
22-07-2011,565,573,555,570,570.1,136877,775.97
25-07-2011,570,580.95,561,574,575.6,225068,1285.75
26-07-2011,579.9,580,554.4,557.15,557.35,88978,503.26
27-07-2011,560.05,564.7,555.05,563.5,560.6,39152,219.03
28-07-2011,557.8,558.8,540,543.9,546.45,275699,1517.87
29-07-2011,543,558.2,531,550,549.3,149627,821.5
01-08-2011,559,565.4,540,541.3,541.2,144618,787.34
02-08-2011,541.2,542,530.65,532.15,533.9,56203,300.29
03-08-2011,532.85,537.9,518,530,529.1,26258,138.09
04-08-2011,536.95,545,520.15,522,522.05,76256,404.37
05-08-2011,509,515,494,499,500,76878,387.28
08-08-2011,499.9,499.9,480,491,490.8,63927,313.77
09-08-2011,479,494.5,474.95,480,480.35,43755,212.02
10-08-2011,490.05,497.9,480.1,485.4,485.35,135458,657.53
11-08-2011,486,494.75,481,481,482.3,51362,249.2
12-08-2011,485.25,489.95,479,479.05,481.65,30476,147.54
16-08-2011,485.65,486,450,452.5,451.7,85060,394.59
17-08-2011,458,458,426.05,450,444.75,127682,562.33
18-08-2011,444.1,449.45,425,437.5,435.9,89993,389.98
19-08-2011,426,433,411.7,417,418.85,96592,404.86
22-08-2011,423.95,444,415.75,441.5,440.25,281670,1198.66
23-08-2011,444.15,453.5,427,448.1,449.75,289110,1292.4
24-08-2011,450.75,451.6,442.1,445.05,448.25,161605,722.07
25-08-2011,449,452,438.5,445.95,446.45,237149,1053.19
26-08-2011,443,444,433.2,435.35,439.8,114411,502.84
29-08-2011,440.05,458.85,435.15,450,452.55,98215,443.62
30-08-2011,454,469,452.9,464,463.4,47682,220.92
02-09-2011,464.1,467.9,456.8,467.7,463.85,28181,130.22
05-09-2011,467.95,473.95,458,473,470.15,41915,196.04
06-09-2011,470.2,478,465,465.15,468.65,36790,172.87
07-09-2011,472,478,466.65,470,472.25,59532,281.64
08-09-2011,478.55,478.55,465,467.15,468.9,81389,383.37
09-09-2011,469,470.65,451.2,458,455.2,69383,318.9
12-09-2011,453,464.7,445.25,461,457.75,30844,139.38
13-09-2011,468.95,479,457.05,477,473.7,168833,794.82
14-09-2011,477.35,495,477.35,482.25,482.4,275917,1339.04
15-09-2011,485.2,488.9,476.1,476.5,478.5,233897,1123.49
16-09-2011,482.6,484.5,474,481.9,481.35,72200,346.16
19-09-2011,480.65,480.65,473,475.15,474.4,17992,85.68
20-09-2011,475,485,471,479.1,480.75,130322,626
21-09-2011,480.55,495,480.55,488.05,491.7,220090,1077.55
22-09-2011,485,485,461.1,470,469,109307,518.04
23-09-2011,469.7,469.7,449.8,451,455.05,53159,242.22
26-09-2011,468,468,437,449,449.5,49177,219.73
27-09-2011,452.1,479,452.1,477.05,472.25,73398,343.69
28-09-2011,475,478.85,458.9,465.9,463.65,48711,226.75
29-09-2011,459.1,468.95,455.75,460.25,461.9,42568,196.33
30-09-2011,451,471.9,445,456,457.8,36126,165.6
03-10-2011,521.9,521.9,448,458.25,458.95,22832,103.91
04-10-2011,459,468.75,452.25,457.4,455.95,34048,156.52
05-10-2011,456.15,463,445,450,449.6,29126,131.79
07-10-2011,485,485,455.1,467.05,468.1,36589,169.55
10-10-2011,462.65,498,462.65,495,489.6,109436,530.31
11-10-2011,494,512.7,482,487.05,487.1,126761,620.62
12-10-2011,492,501.3,482,491,490.8,56392,277.72
13-10-2011,493,498.9,486,486,488.8,31900,156.49
14-10-2011,485.05,522.4,485.05,514.25,514.7,448042,2299.72
17-10-2011,519.8,521.95,506.1,507.1,508.8,91147,468.49
18-10-2011,498,501.95,488.1,492.5,491.2,47800,235.75
19-10-2011,495,502,489,492.35,492.9,49523,244.87
20-10-2011,493.7,498,480.1,481.7,484.05,58554,287.18
21-10-2011,482.95,490.95,478,484.4,481.95,34093,165.44
24-10-2011,481.95,493.95,480,481.95,482,29770,144.77
25-10-2011,484.95,491.5,480,482.2,484.65,74486,360.98
26-10-2011,485.5,497,485,494.8,495.65,20666,102.11
28-10-2011,501,530,498,527,525.8,242549,1255.85
31-10-2011,528.9,545,523,528.75,529,60643,322.47
01-11-2011,519.6,528.85,514,522.75,523.05,36609,191.34
02-11-2011,515,521.9,512.5,516,516.65,19116,99.08
03-11-2011,517.1,536.65,516.65,536,531.8,79731,420.39
04-11-2011,535.15,550.9,535.15,543.25,543.45,71051,386.09
08-11-2011,554.7,556.5,546.4,549,548.05,68568,377.2
09-11-2011,552.05,554,535.25,537,538.35,42575,233.24
11-11-2011,529.3,542.05,522.3,530,528.3,26997,143.06
14-11-2011,544.1,546.9,510.75,511.5,520.75,45495,242.23
15-11-2011,518,524.8,495,499,499.9,63224,321.03
16-11-2011,500.05,500.05,485,488,487.35,57992,286.59
17-11-2011,489,496,483.05,494.4,494.15,57332,282.03
18-11-2011,492.85,498,477,483.5,488.25,55447,269.13
21-11-2011,490.15,492.95,474.85,479,482.95,31955,155.06
22-11-2011,486.95,488.6,467.5,474,472.85,67112,319.07
23-11-2011,468,478.25,436.2,450.15,449.05,106831,483.91
24-11-2011,440,467,439,461.55,462.2,88077,400.46
25-11-2011,458.95,488,456.1,483.3,484,227910,1097.02
28-11-2011,485,507,470,498,497.5,82706,413.28
29-11-2011,497.65,504.45,492.05,503,500.2,136231,679.56
30-11-2011,500,508.5,491.05,505,504.45,154478,772.45
01-12-2011,514,527.7,499.35,502.75,504.3,45063,231.35
02-12-2011,504.3,519,497.05,515,515.7,56424,289.67
05-12-2011,515,522.95,511.15,519,518.2,42653,221.06
07-12-2011,520.6,527.4,513.25,515.6,517.3,38078,198.08
08-12-2011,517.35,521.55,499.05,510,507.55,43592,222.11
09-12-2011,503,509.4,493,501.1,504.2,56026,280.92
12-12-2011,509.85,509.85,480.2,480.2,485.45,43262,213.86
13-12-2011,482.15,487.9,475.2,479.6,480.1,35253,169.72
14-12-2011,484.4,489.75,476.6,478.2,479.3,65973,318.43
15-12-2011,478.75,482,462.3,468.3,471.55,134655,635.27
16-12-2011,476,481.5,458.25,463.45,460.1,51806,242.96
19-12-2011,455.05,474.85,444.1,466.5,462.05,57168,259.39
20-12-2011,465,476.85,453.5,471.05,468.5,132638,618.93
21-12-2011,472,485,462.3,469.7,470,113166,532.74
22-12-2011,468,468.65,454,463.9,463.45,58389,270.26
23-12-2011,465.05,475.4,461.35,463.55,463.6,33990,159.81
26-12-2011,461,480,456,479.95,469.25,49597,231.54
27-12-2011,470,476,465.05,467.85,466.9,45697,215.3
28-12-2011,467.35,478,457,475,469.3,27529,127.83
29-12-2011,469,473,451,457,455,113816,523.49
30-12-2011,455.05,463,450,457.5,455.15,48838,222.27
02-01-2012,457,462.4,455.05,460,459.4,32339,148.22
03-01-2012,453.5,472,453.5,468,466.3,126863,591.15
04-01-2012,470,481.05,463.25,471.4,472.75,130543,617.71
05-01-2012,473.7,477,464,471,471.1,153603,722.29
06-01-2012,467,479.85,465.15,477,476.3,56800,268.96
07-01-2012,479,491.45,475,490,486,13952,67.69
09-01-2012,492,509.2,492,495.75,497.15,128074,642.89
10-01-2012,500.05,509.5,497.25,507.25,507.1,46999,237.6
11-01-2012,507.2,520,469.15,511.35,513.35,70470,361.13
12-01-2012,510,521.45,506,517.8,516,78876,407.07
13-01-2012,518,519.95,511.2,516.95,517.05,52992,273.33
16-01-2012,516.5,519.7,509.25,518.05,517.8,67228,345.59
17-01-2012,519.7,534.8,519.15,529,528.05,63673,336.07
18-01-2012,532,532,505,505.9,508.9,82175,426.34
19-01-2012,514.95,542,513.15,534,533.8,91333,485.71
20-01-2012,540,545.5,524,530,528.3,69172,369.13
23-01-2012,530,545,528,530,529.75,58653,312.92
24-01-2012,534.75,538.8,522,530,529.75,84918,453.16
25-01-2012,522,537.95,522,523.95,528.75,105268,557.39
27-01-2012,518,539.4,510.8,536.15,529.55,80830,421.91
30-01-2012,534,543.8,513.5,515.85,520.3,54266,288.38
31-01-2012,509,533,507,529.5,530.3,60194,313.46
01-02-2012,518,539.7,502.65,535.85,534.8,102136,544.1
02-02-2012,537,544.45,529,530.4,532.1,117769,628.57
03-02-2012,532,557.4,524.7,555.8,548.2,153537,829.67
06-02-2012,555,591,553,573,573.3,281205,1628
07-02-2012,575,578.9,546.9,547.05,549.15,107517,601.68
08-02-2012,555,562,550,558,555.75,71945,400.74
09-02-2012,555.5,575,550.2,573.8,570.95,103375,585.13
10-02-2012,570,583,565.1,581.15,577.85,80596,463.66
13-02-2012,588.9,588.9,564.7,572.05,572.7,47023,270.76
14-02-2012,572.6,593,570.1,590.15,587.2,85195,496.17
15-02-2012,581,601.8,581,598,594.55,84584,502.35
16-02-2012,595,612.95,591.1,607,608.75,116840,706.1
17-02-2012,613.05,644,611,636.6,634,186263,1178.21
21-02-2012,636,639.9,618,638,637.7,139289,882.29
22-02-2012,639.85,659,635,640,640.6,333405,2161.37
23-02-2012,638,652,602.65,650,644.65,92078,586.84
24-02-2012,650.2,658.9,637,650,653.95,82236,533.1
27-02-2012,654.5,659.35,637.2,645,643.1,208841,1341.46
28-02-2012,644.05,670,637.6,669.95,667.45,179064,1174.94
29-02-2012,671.65,677.95,652.6,665.5,665.6,92303,614.25
01-03-2012,651,675,651,666.9,664.7,47540,317.06
02-03-2012,663.95,671.4,655,662.25,662.45,50153,332.78
03-03-2012,662,667.9,656.3,657,659.7,2441,16.13
05-03-2012,659.3,675,651,666,666.9,97712,642.25
06-03-2012,660.3,680,657.15,671,670,140297,941.08
07-03-2012,665.15,677,653.05,658,660.55,68427,454
09-03-2012,663.05,684,663.05,665.35,667.8,65010,435
12-03-2012,680,693.05,671.3,692,688.95,92425,632
13-03-2012,690.05,699.8,675.45,685,683.5,126023,868.23
14-03-2012,697.95,697.95,675.1,688.3,688.75,420756,2890.22
15-03-2012,685.95,687,675.8,686.5,684.3,63062,429.44
16-03-2012,690,704.9,680.1,691,689.4,221612,1534.53
19-03-2012,675,694,663.1,664,669.25,62032,421.67
20-03-2012,658.25,669,653.5,660,660.7,60125,397.48
21-03-2012,658.75,693.9,654,692,682.05,60132,402.9
22-03-2012,682.95,695.9,665,665,671.5,53238,364.85
23-03-2012,668.55,686,665.65,681.45,678.05,31491,212.24
26-03-2012,678,683.85,666.3,668.7,669.85,34074,229.2
27-03-2012,667.9,670,649,657.55,656.2,75213,492.63
28-03-2012,645.6,646.9,613.55,624,624.95,295068,1842.89
29-03-2012,617.1,620.5,598.65,610,610.7,229115,1401.66
30-03-2012,614,686.4,595,644,653.65,347356,2166.43
02-04-2012,659.8,659.8,613.75,619.1,621.55,162097,1014.06
03-04-2012,616.1,630,615.25,616.9,618.4,106036,658.58
04-04-2012,610,624.9,607,622.7,619.05,87737,538.47
09-04-2012,614,614,602.3,606.5,608.7,62355,379.86
10-04-2012,603,604.5,578.1,578.3,580.75,141268,827.62
11-04-2012,572,576,561.5,567.7,565.85,95162,539.71
12-04-2012,565.35,585,561.1,583.7,582.35,87789,505.76
13-04-2012,583,595,579,582,584.5,64445,379.86
16-04-2012,580,582.7,573.1,581.3,579.75,44597,258.01
17-04-2012,580.05,587.65,570,571.25,573.95,39862,230.07
18-04-2012,569.1,584,567,574.7,576.05,47451,274.21
19-04-2012,567.1,592,544.4,566,561.9,394429,2219.43
20-04-2012,559.05,559.7,532.15,552,553.9,107032,591.8
23-04-2012,554.9,567,552.05,552.05,554.75,54123,302.68
24-04-2012,553.95,554.5,535.05,540.1,546.05,52460,287.05
25-04-2012,549.75,552,541,545.05,547.4,39420,215.71
26-04-2012,548.05,552,527,536,532.7,111712,606.59
27-04-2012,532.65,547,520,527.2,529.75,59931,318.29
28-04-2012,533,536.35,527.5,530,531.35,3899,20.7
30-04-2012,525,535,518.9,533,533.6,63240,335.28
02-05-2012,533,542,525.1,525.55,526.95,125535,674.15
03-05-2012,525,534,518.2,520.3,523.75,21949,115.18
04-05-2012,528.95,528.95,515,522,521.8,35314,183.54
07-05-2012,519.6,519.9,506.1,513,513,31013,158.47
08-05-2012,514.9,528,514.9,526,523.45,57407,299.17
09-05-2012,520.5,532,515.25,519.85,519.45,27730,145.7
10-05-2012,519.35,535,512,528,528.75,49145,258.52
11-05-2012,526.65,530,515.7,529,527.45,47735,251.25
14-05-2012,515,521.5,501,507,505.6,49621,254.22
15-05-2012,500,520,492.5,520,517.95,39993,203.19
16-05-2012,512,514,505,505,508.45,12725,64.88
17-05-2012,506.95,518,506.95,516,515.55,23402,120.14
18-05-2012,504.6,512,444.55,473,474.25,1399308,6516.69
21-05-2012,473.95,497,469,489,482.65,140075,672.87
22-05-2012,484,490,465,467.55,468.25,107769,513.94
23-05-2012,463.25,470,455.3,464,462.15,72529,335.37
24-05-2012,453.6,472.35,453.6,458.65,458.95,77287,355.72
25-05-2012,457.05,464.75,451.55,454.1,455.9,69578,318.42
28-05-2012,461.4,470,452.3,453.05,454.4,123369,569.01
29-05-2012,458.9,460.3,433.2,434.2,436.05,130620,581.01
30-05-2012,440,443,427.05,429,428.85,77011,333.8
31-05-2012,426,433.9,412.3,430,430.4,177904,751.54
01-06-2012,422.95,423,406,417.5,417.4,216731,903.64
04-06-2012,410,422,410,417.7,417.45,74085,309.52
05-06-2012,422.55,422.95,408,409.95,409.65,63364,262.37
06-06-2012,413.95,414.9,407.95,410.15,410.25,106087,435.35
07-06-2012,417,417,405.15,406.4,407.1,95708,392.1
08-06-2012,402.1,404,381,382.9,383.85,360445,1401.19
11-06-2012,385.95,394.95,372,373.1,374,908348,3445.25
12-06-2012,372,386.1,366.85,383,384,479981,1817.65
13-06-2012,385.9,389.5,375.55,376.9,377,272775,1041.92
14-06-2012,375.9,377.2,368.5,368.7,370.3,280586,1041.56
15-06-2012,372,376,370.4,370.5,372.2,155821,581.6
18-06-2012,373.35,381.7,365.5,371,370.65,131927,493.35
19-06-2012,369,374.6,368.2,370,370,86035,318.87
20-06-2012,369.7,383.9,369.4,378,378.55,272283,1032.05
21-06-2012,378.95,386,377.55,379.7,381.6,247784,946.79
22-06-2012,378.85,384.5,375.55,377.1,378.45,96185,365.96
25-06-2012,371.1,389.9,371.1,381.1,381,180579,694.3
26-06-2012,383.9,391.45,381.6,381.95,382.7,250503,969.07
27-06-2012,384,386.45,377.5,379,379.65,129028,492.29
28-06-2012,381.6,382.9,373.6,375,375,152711,576.25
29-06-2012,382,382.1,376.15,377.5,377.35,232186,879.66
02-07-2012,378.05,396.35,377.95,395.2,394.05,351295,1370.86
03-07-2012,398,409,395.8,406.35,405.85,461079,1868.71
04-07-2012,410,412.4,406.4,408.25,408.85,240925,986.69
05-07-2012,409.85,414.1,408.3,412,411.3,130941,539.9
06-07-2012,407,413.85,405,406.9,407.4,96394,394.38
09-07-2012,406.85,407.95,387.95,389.15,389.95,418072,1646.76
10-07-2012,387.45,392,382.1,390,388.75,215815,834.96
11-07-2012,388.5,393.45,384.55,385.05,385.4,193565,752.9
12-07-2012,386,386.5,377.6,378.5,380,160062,610.47
13-07-2012,381.05,384.85,376.05,376.5,376.9,111926,425.31
16-07-2012,379.5,381.4,369.2,370.6,370.65,125880,470.37
17-07-2012,370.95,374.45,364,364.25,365.45,137816,505.82
18-07-2012,370,370,361.1,361.6,362.6,240596,873.14
19-07-2012,366.9,368,362.05,364.65,364.05,173510,634.08
20-07-2012,366,369.6,362,363.95,363.45,82779,301.64
23-07-2012,362.8,363.55,352.85,353.4,354.7,138934,496.45
24-07-2012,354.2,356.2,350.5,350.5,350.85,102481,361.39
25-07-2012,350.1,350.1,335.2,337.25,337.7,181187,615.29
26-07-2012,339,339.95,312.6,319,320.1,507116,1653.55
27-07-2012,325.95,328,309.5,311.3,311.4,172077,550.15
30-07-2012,309,319.2,305.6,314.9,316.1,203620,640.78
31-07-2012,317.05,324.9,315.15,318.1,318.5,233152,747
01-08-2012,318.55,327,318.3,321.65,323.25,154967,502.05
02-08-2012,322.35,328.9,319.85,324,325.45,128205,418.1
03-08-2012,324.3,324.3,317.1,317.45,319,119796,383.95
06-08-2012,321.9,324.55,315.45,316.7,317.8,265164,849.41
07-08-2012,312,314.8,306.35,311,310.3,340644,1061.53
08-08-2012,310.5,314.1,308.5,310.7,309.85,129477,404.35
09-08-2012,309,312.5,300,300.05,300.7,174816,533.4
10-08-2012,301.1,301.1,286.1,288,287.4,233499,682.41
13-08-2012,287.1,293.85,287.1,289.95,289.9,198178,575.2
14-08-2012,292.6,294.5,288.2,292,291.7,147550,430.73
16-08-2012,292.95,294.5,290.1,291.3,291.05,114928,336.55
17-08-2012,291.25,293.3,282,282.9,283.05,171864,492.85
21-08-2012,286.4,286.4,276.05,277.3,277.05,166981,466.28
22-08-2012,276.1,286,273.25,278.95,278.05,264181,736.95
23-08-2012,279.85,283.55,278.15,279.8,279.75,153005,430.56
24-08-2012,278.05,280.75,270,270.15,270.45,202376,553.27
27-08-2012,275,278.85,270.1,273.25,273.15,452989,1239.62
28-08-2012,274.9,280,270.1,279.8,278.05,205957,565.52
29-08-2012,279.95,284.7,279,281.55,281.55,313053,881.06
30-08-2012,281.05,285.85,276,277.75,277.35,225274,633.73
31-08-2012,278.5,280.5,274.75,274.8,275.85,83758,232.21
03-09-2012,279,282.9,271,278.1,278.75,97795,271.22
04-09-2012,279.85,284.7,277.05,283.8,283.65,119145,336.63
05-09-2012,285.05,290.95,277.5,285.1,284.95,262511,755.18
06-09-2012,284.85,284.85,277,278,278.75,98267,276.46
07-09-2012,281,283.55,278.8,280.4,280.1,75939,213.28
08-09-2012,280.3,282,278.1,278.5,279.35,10958,30.7
10-09-2012,281.15,282.95,278.05,278.3,278.85,79894,223.87
11-09-2012,280,280,273,276,275.6,75896,209.18
12-09-2012,276.05,278.8,273.05,274.65,274,73228,201.67
13-09-2012,276,277,271,272.1,271.75,136111,371.57
14-09-2012,277.75,280.9,272.75,277.45,278.3,190110,526.67
17-09-2012,280.05,313.95,279,312.5,311.55,1535901,4611.64
18-09-2012,311.55,322.75,311.55,317.2,316.55,693281,2207.67
20-09-2012,311.05,315,300.2,304.55,305.8,400862,1231.28
21-09-2012,310.8,318.4,307.3,312.4,313.1,319189,1001.96
24-09-2012,316.95,320.4,312,314.8,314.3,253220,801.6
25-09-2012,314,319,310.25,315,313.75,162906,511.06
26-09-2012,312.35,314.95,308,310,310.5,92658,288.65
27-09-2012,310.7,313.05,303.1,305,305,237773,729.74
28-09-2012,307.8,315,307,307.5,308.3,109461,339.84
01-10-2012,310,315,307,310,310.55,99692,311.03
03-10-2012,311.7,331.85,311,330.1,330.1,707079,2302.81
04-10-2012,332.3,338.4,330,331,331.05,365409,1221.75
05-10-2012,332.05,333.5,318.6,328,329.85,192475,629.36
08-10-2012,329.85,334.7,322,322,323.25,115542,379.37
09-10-2012,326.75,329.4,321.55,322.25,322.2,63077,204.87
10-10-2012,322,324.8,315,315.1,315.45,80586,256.9
11-10-2012,317.45,320,310.3,318.5,318.6,86690,274.05
12-10-2012,318,324.7,315.9,318.45,318.35,79662,255.26
15-10-2012,319.95,321,312.3,314.9,315,53141,167.99
16-10-2012,317.75,320,308.3,310,309.85,71219,224.37
17-10-2012,311,314,307.55,308.1,308.6,43194,133.97
18-10-2012,310.85,315.55,308,313.7,314.15,66658,207.6
19-10-2012,315.05,315.05,308.2,308.5,309.1,82515,257.22
22-10-2012,309.25,309.25,303,303.3,303.7,59737,182.34
23-10-2012,304,310.6,303.75,308.55,308.9,49915,153.56
25-10-2012,311.9,313,307.3,309.9,310.05,54186,168.28
26-10-2012,309.05,311.3,302,303.85,303.9,33328,102.11
29-10-2012,305.5,308,296.8,300,301.2,57771,174.88
30-10-2012,302.5,305.75,290.1,293.35,293.8,65823,195.52
31-10-2012,295,295.9,286.6,289.5,289.25,46829,135.98
01-11-2012,292.5,296.65,289,292.8,293.15,39549,116.23
02-11-2012,296.4,300,294.5,295,295.4,38605,114.83
05-11-2012,296,299,292,292.8,292.8,34792,102.66
06-11-2012,294.7,297.1,290.2,291.75,292.05,46504,136.41
07-11-2012,293.25,295.95,291.5,292,292.05,54315,159.34
08-11-2012,293,295,287.65,291.05,291.75,73599,214.47
09-11-2012,292.1,294.6,286.6,288,288.2,52699,153.39
12-11-2012,286.5,286.5,273.8,278.35,277.4,115439,321.74
13-11-2012,279,284.4,278,283.7,282.85,23873,67.24
15-11-2012,280.15,283,277,279,278.5,44880,125.41
16-11-2012,281,281.85,274.5,274.8,276.1,56904,158.46
19-11-2012,278,279.7,272,273.05,274.85,33186,91.63
20-11-2012,275.8,279,271,272.4,271.95,52647,144.82
21-11-2012,272.05,273.8,270.05,270.6,271.45,32418,88.17
22-11-2012,271,277,271,272,272.8,35607,97.62
23-11-2012,273.35,274.3,271,271.05,272,22493,61.26
26-11-2012,273.9,273.95,271,271.75,272.35,21509,58.59
27-11-2012,275,284.95,271,272.1,272.7,39022,106.89
29-11-2012,274,279.65,273.85,276.7,276.05,94486,261.71
30-11-2012,278.65,285,276.45,284.4,283.7,163995,461.9
03-12-2012,284.4,291,284.4,288.1,288.25,83194,240.02
04-12-2012,289.05,295,289,290.3,291.6,69054,201.99
05-12-2012,297.85,332.7,295,307.9,308,3190901,10208.76
06-12-2012,309.5,316.45,309.5,311.65,311.2,423228,1323.34
07-12-2012,312.95,314.65,302,306,306.65,234219,725.85
10-12-2012,308.85,313,303.8,304,305.5,205000,632.14
11-12-2012,306.95,308,296,298.4,298.6,171082,517.49
12-12-2012,302,302,293.9,294,295.15,105796,314.23
13-12-2012,295.25,299.9,290.05,290.7,291.2,115193,340.76
14-12-2012,293,294,286.65,289.1,288.75,84715,245.21
17-12-2012,286.55,289.5,283.6,284.35,285.15,57228,164.11
18-12-2012,285.55,288.65,282,282.75,282.85,146913,417.14
19-12-2012,285.35,289,283.25,285,284.9,114582,327.87
20-12-2012,284.85,285.5,279.95,280.95,281.1,108919,307.8
21-12-2012,280.8,283.6,278.6,279.75,279.75,99062,278.13
24-12-2012,280.95,282.35,277.3,279.15,279.5,73869,207.32
26-12-2012,278.65,285.75,278.5,279.4,279.85,146179,412.59
27-12-2012,280,281.85,275,280.5,279.4,65681,183.87
28-12-2012,281.35,283,278,279.25,279.2,105647,296.19
31-12-2012,280,281,278.5,279,279.3,59608,166.8
01-01-2013,281.95,285.05,280.35,284.1,284,81956,232.02
02-01-2013,286,288.9,285.25,286,286.25,155064,444.8
03-01-2013,287.45,291.1,284,284.45,285,290380,835.65
04-01-2013,285,287,283.15,283.25,283.75,109194,311.01
07-01-2013,285.85,289.9,283.3,283.6,284.15,237175,679.9
08-01-2013,284.95,285.8,283.25,284,284.05,98892,281.48
09-01-2013,285,286,281,281.6,281.8,97168,275.32
10-01-2013,282,282.75,277.65,278.1,278.55,132321,370.84
11-01-2013,285,285,274.5,274.95,275.2,75432,208.7
14-01-2013,275.25,279,274.15,277.8,277.3,249507,693.29
15-01-2013,278,280.7,277.15,277.55,277.5,54275,151.07
16-01-2013,278,281.55,275.4,276,276.4,109113,304.5
17-01-2013,277,277.65,274.1,275.45,275.85,43187,119.25
18-01-2013,277,280.7,275.4,276.8,277.15,96683,268.52
21-01-2013,277,280,277,278.25,278.3,54319,151.44
22-01-2013,278.3,280.65,275.55,276.45,276.1,61830,172.04
23-01-2013,275.5,277.5,272,272.2,272.55,61049,167.48
24-01-2013,273,273.15,266,267.45,267.25,78520,211.12
25-01-2013,267,269,262.6,266.45,265.8,51112,135.77
28-01-2013,262.3,271,262.3,269.1,269.1,46925,126.4
29-01-2013,269.5,273.2,265.4,267.45,266.7,68804,185.67
30-01-2013,267.1,268.9,265.25,265.3,265.9,26888,71.81
31-01-2013,265.95,269.85,264.4,265.75,265.45,34812,92.52
01-02-2013,265.15,268.75,265.1,265.2,265.4,46238,123.38
04-02-2013,267.5,267.9,261,262,261.75,47537,125.8
05-02-2013,261.8,262.8,258.1,259.4,259.45,49845,129.36
06-02-2013,259.15,262.95,259.15,259.9,259.8,33505,87.36
07-02-2013,260,271,260,263,263.1,118400,314.88
08-02-2013,262.15,265.8,259,260.45,261.45,77029,202.91
11-02-2013,260.45,260.45,252,253.7,253.7,103476,263.1
12-02-2013,253.75,253.75,248,251,250.65,85591,214.13
13-02-2013,251.65,254.5,250,250.1,250.55,53008,133.74
14-02-2013,250.55,250.55,244,245.25,245.25,70690,174.54
15-02-2013,241.6,243,235,240.75,240.6,50672,121.74
18-02-2013,242,245.15,237.1,244.7,243.5,24040,58.57
19-02-2013,245,245.25,241.15,243.9,243,23161,56.23
20-02-2013,243.05,245.35,241.1,243.5,243.75,24193,59.05
21-02-2013,243.95,246,240.2,243.3,243.05,30480,74.09
22-02-2013,243.85,256.95,243,251.2,250.65,123138,309.55
25-02-2013,252,258.8,246.2,249.4,248.9,84207,213.18
26-02-2013,247.7,258,238.85,242.5,241.4,373586,924.45
27-02-2013,245.25,245.3,235,235,235.65,94923,224.69
28-02-2013,239.15,243.75,223,224.6,224.45,86558,201.32
01-03-2013,224.75,225.8,217.2,217.5,218.05,83512,183.3
04-03-2013,218.05,218.05,208.25,211.7,211,80395,169.8
05-03-2013,215.9,215.9,209.4,209.5,210.15,48360,102.04
06-03-2013,210.9,216.9,208.35,209,209.15,147648,314.55
07-03-2013,210.05,211.7,206.1,207.4,206.85,97218,202.24
08-03-2013,208,210.5,207,207.85,208.1,90837,189.32
11-03-2013,210.25,215,205,205.75,206.15,306742,646.24
12-03-2013,206.9,209,202.5,203.2,203.45,125561,258.39
13-03-2013,203.6,203.6,196,197.55,197.5,120153,240.6
14-03-2013,198,198.8,192.1,192.75,193,138306,269.26
15-03-2013,195.95,196,183.3,187.3,186.6,337242,632.2
18-03-2013,184,186.6,178,179.3,179.7,129999,235.4
19-03-2013,180.5,180.95,172.1,172.9,172.55,159347,279.98
20-03-2013,160,172.45,160,163,162.4,305230,501.98
21-03-2013,162.45,163,151.8,152,152.9,186598,291.3
22-03-2013,151.4,152,144.25,148.5,148.5,284530,421.03
25-03-2013,150.1,153,140,141.95,142.25,144508,213.05
26-03-2013,141.9,144,139,142,140.4,150754,211.82
28-03-2013,140.4,149.95,136.1,149,146.95,329513,471.62
01-04-2013,148.5,160,147.1,152.5,153.1,323265,500.91
02-04-2013,152,167.9,152,166.1,165.7,433493,697.45
03-04-2013,164,179.65,163.95,172.5,171.3,458351,794.03
04-04-2013,168.5,177.4,167,170,170.4,265538,459.01
05-04-2013,170.5,176.5,170.25,172.1,172.8,143338,249.17
08-04-2013,172.9,176.1,160.8,161.45,163.65,169103,285.16
09-04-2013,163.75,166.5,156,157.5,156.95,147655,238.87
10-04-2013,156.5,162,156.5,161.6,161,154867,246.82
11-04-2013,162.85,166.3,161.1,161.3,161.9,82821,135.11
12-04-2013,160.5,162,158,160.5,160.4,64289,102.8
15-04-2013,158.95,162,158.1,158.75,159.45,54410,87.17
16-04-2013,161.4,166.5,159.45,164.5,164.35,116903,190.73
17-04-2013,164,166.65,162.1,163.7,163.65,67394,110.89
18-04-2013,163.75,165,161.2,164,163.75,65922,107.94
22-04-2013,165.4,167.8,164.05,165,164.95,97936,161.96
23-04-2013,165.25,172.65,165,168,167.3,129205,218.71
25-04-2013,171.7,171.7,167.3,169,168.45,64986,109.87
26-04-2013,168,170.7,164,164.95,164.5,44395,74.17
29-04-2013,165,167.35,162.1,163.7,163.7,45068,74.07
30-04-2013,164.1,166.5,160.05,160.5,160.65,59582,96.45
02-05-2013,159.4,164,159.4,161.25,160.95,57467,93.01
03-05-2013,161.2,162.4,159,159.75,159.75,48163,77.3
06-05-2013,160,168.7,159,167.2,167.45,143601,237.98
07-05-2013,167.6,176,167.6,173.55,173.3,224108,387.79
08-05-2013,172,178.5,172,176,175.25,149780,263.57
09-05-2013,174.5,176.95,167.4,169.55,168.95,76773,131.95
10-05-2013,169.1,174.4,169.1,170.2,170.35,69833,119.85
11-05-2013,170.05,172.9,170.05,172.2,172,16308,28.03
13-05-2013,172.9,172.9,166.3,167.1,167.1,44379,74.97
14-05-2013,168,170,164.85,166.8,166.35,44626,74.63
15-05-2013,165.2,169.85,165.2,168,167.95,61507,103.43
16-05-2013,169.6,174.4,168.2,172.2,171.05,99747,171.21
17-05-2013,172.85,188.95,171.7,184.55,186.4,434374,791.84
20-05-2013,186.8,194,183.65,186.8,185.55,343227,650.75
21-05-2013,184.1,189.6,180.5,182.5,182.65,171940,318.85
22-05-2013,183.5,185.3,176.05,177.35,177.65,94611,171.15
23-05-2013,177,177,163.9,164.6,165.4,133167,222.76
24-05-2013,165.5,167.9,160.2,165.8,165.3,116710,192.74
27-05-2013,164.1,168.8,163.95,165.65,166.3,68278,113.76
28-05-2013,165,170.5,165,168,167.45,97941,164.7
29-05-2013,166.55,171.9,166.55,167.55,167.95,90867,153.5
30-05-2013,178.1,185.95,176.15,183,183.3,1167419,2114.85
31-05-2013,184.25,186.85,173.25,174.2,175.5,460031,834.61
03-06-2013,175.85,177,171.6,172.9,173.05,75747,131.58
04-06-2013,173.1,178,171.5,173.15,172.25,88904,155.08
05-06-2013,171.35,174.35,171.1,171.65,171.9,52247,90.19
06-06-2013,171.4,171.65,168.4,170.8,170.15,47133,80.09
07-06-2013,172,174.9,169,170,169.95,97330,167.77
10-06-2013,171,172,165.1,165.75,165.65,50126,84.48
11-06-2013,164.25,165,156.9,164,163.45,120252,194.06
12-06-2013,162,165,157.1,157.45,157.75,112384,179.19
13-06-2013,155.8,157.75,151.15,155.05,153.25,81605,125.92
14-06-2013,155.25,160.35,155.25,159,159.05,62631,98.86
17-06-2013,160.25,161.1,155.15,157.55,157.65,54353,86.09
18-06-2013,158.05,164.9,158.05,164.5,163.8,102351,165.79
19-06-2013,164.95,170.15,164.9,166.9,166.2,129310,216.56
20-06-2013,164.5,164.5,156.2,156.35,157.05,69467,110.45
21-06-2013,154.05,158,148.2,157.65,152.4,106192,163.16
24-06-2013,151,156,150.5,150.75,151.1,38936,59.13
25-06-2013,150.35,153.8,150.35,151.25,151.95,26211,39.86
26-06-2013,152,155,149,149.05,149.6,28227,42.9
27-06-2013,151.35,153,149,149.85,149.85,39070,58.82
28-06-2013,150.2,157.7,150.2,155,155.15,192599,299.79
01-07-2013,156,164.9,154,163.25,163.2,228158,368.97
02-07-2013,163,164.6,158.6,159.75,159.7,57506,92.33
03-07-2013,158,169.65,157.35,163.15,162.65,187137,307.2
04-07-2013,163.25,168.4,162.3,164,163.05,140339,232.16
05-07-2013,164.85,166.25,160.35,161.45,161.3,54834,89.74
08-07-2013,160.85,166.85,155.25,161.4,161.95,82225,133
09-07-2013,161.95,167.8,161.1,165,165.1,154904,256.1
10-07-2013,165.2,166.4,161.05,161.8,161.6,46002,75.19
11-07-2013,164,168.9,163.15,164,164.45,167959,279.64
12-07-2013,166.3,166.4,163.05,163.2,163.4,29689,48.68
15-07-2013,162.1,170,162.1,167,166.6,108522,180.95
16-07-2013,164.9,166,161.35,164,163.6,43031,70.61
17-07-2013,166.4,172.3,164.55,169.05,169.2,212328,359.65
18-07-2013,169.2,175.45,169.1,171.9,172.85,167777,291
19-07-2013,176.2,180.5,175,175.8,175.65,240731,426.66
22-07-2013,176,176,161.65,170.2,170.6,73720,125.33
23-07-2013,169.15,173.45,169,170.15,170.75,36882,62.99
24-07-2013,168.15,169.5,165.7,167,166.5,255646,426.31
25-07-2013,167,168.55,162.35,165,164.9,167032,274.81
26-07-2013,163,164.85,157.25,157.7,158.25,36550,58.59
29-07-2013,157,159,153,153.4,153.55,26585,41.19
30-07-2013,152.1,154.55,146.7,147.7,148.15,45739,68.91
31-07-2013,148.15,148.15,140.4,145,143.45,60709,87.09
01-08-2013,142.65,149.95,140.9,141.95,141.65,41748,60.35
02-08-2013,140.6,143.5,134,134.55,134.8,58538,79.99
05-08-2013,135,142.6,135,135.4,135.35,84927,117.3
06-08-2013,133.95,136.45,129.55,130,130.4,56722,75.1
07-08-2013,129.3,135.85,125.05,132.9,132.4,89634,117.05
08-08-2013,132,144.2,106,144,143.1,262613,363.87
12-08-2013,140.15,149,140.15,144.95,144.75,87566,127.25
13-08-2013,145,151,139.4,145.5,145.45,60349,88.74
14-08-2013,144.15,147.15,140.65,141.7,141.85,42281,60.78
16-08-2013,138.5,141,135,137,136.05,47748,65.7
19-08-2013,135,135.15,128,130.8,129.15,88514,115.12
20-08-2013,130,134.4,128.25,128.9,129.8,111040,146.14
21-08-2013,130.25,134.7,128.2,130,129.2,56206,74.13
22-08-2013,129.5,133.5,126.55,132.5,131.65,53116,69.4
23-08-2013,130.1,156.8,130.1,146.3,147.05,725727,1073.49
26-08-2013,147.1,154.9,145.15,148.5,147.6,201633,301
27-08-2013,146,147.7,138.5,140,139.6,65740,94.06
28-08-2013,140,140.05,133,135.35,136,57392,78.07
29-08-2013,138.55,145.85,137.05,140.05,140.5,95784,135.67
30-08-2013,140,145,138.25,140,139.55,67420,95.31
02-09-2013,140,146,138.65,141.55,141.45,63738,90.94
03-09-2013,141.55,154,141.55,144,143.55,325491,484.2
04-09-2013,147.85,149.8,145.2,147,147.45,135351,199.54
05-09-2013,149.9,153.35,146.2,149.35,150.05,137006,206.06
06-09-2013,151.45,152.5,146.1,146.6,147,138853,206.07
10-09-2013,150,155,148.1,149.35,148.95,115297,174.02
11-09-2013,149.3,152.7,147,150.75,150.7,65563,98.52
12-09-2013,150.95,160,150.95,153.55,153.15,267989,419.83
13-09-2013,151.4,156.7,151.35,153.45,152.8,68478,105.29
16-09-2013,154.3,155.5,149.2,150.15,149.9,72684,110.65
17-09-2013,149.9,149.95,146,146.3,146.6,40790,60.22
18-09-2013,147.7,152.75,147,148.9,149.15,118445,178.12
19-09-2013,152.5,156.45,151.5,154.75,154.7,149194,228.89
20-09-2013,153.15,155.95,143.15,144.15,144.15,243647,361.2
23-09-2013,142.15,147.5,142.15,145.4,144,86640,125.64
24-09-2013,144,145.8,142.2,144.35,143.8,39534,57.12
25-09-2013,144,145.4,141,144.95,144.85,52312,75.22
26-09-2013,146,150,145,145.75,145.85,161414,237.63
27-09-2013,147.25,147.5,141.65,142.85,143.2,87490,127.24
30-09-2013,141.95,142.35,139.55,140.45,140.15,38374,54
01-10-2013,140.05,142.7,140.05,141.3,141.2,38191,54.05
03-10-2013,142,153.7,141.6,150.8,151.4,239160,355.71
04-10-2013,150,179.4,147.6,175,176.55,2186427,3730.58
07-10-2013,176.7,180,171.4,172.45,173,576632,1009.61
08-10-2013,173.05,175,166.15,167,167.4,177984,302.18
09-10-2013,166.1,174.5,166.05,169.65,169.65,249279,427.67
10-10-2013,169.7,178.8,169.45,173.25,173.1,404882,710.29
11-10-2013,175.45,175.55,169,171.9,170.7,97094,166.86
14-10-2013,171.75,174,167.5,168.55,168.55,97429,165.78
15-10-2013,170.3,174,168.1,168.7,168.85,104933,179.2
17-10-2013,169,172.8,166.3,166.5,167.05,77049,130.71
18-10-2013,168,172.7,166.1,169.1,169.4,106982,181.68
21-10-2013,170.1,174.8,170.1,172.05,172,99023,170.5
22-10-2013,172.8,182.7,171.1,178,177.75,495769,886.06
23-10-2013,179.35,182,172.65,175.15,174.9,131793,232.67
24-10-2013,173.75,178.2,173.1,174.1,174.2,109068,191.92
25-10-2013,173.4,174.9,170.1,171.95,171.6,69599,119.6
28-10-2013,171.7,173.8,169.15,169.8,169.55,46310,78.95
29-10-2013,169.9,174.45,167,171.4,171.4,87877,150.4
30-10-2013,171.9,191.5,171,185.9,186.9,973641,1806.89
31-10-2013,186.9,194.9,186,187.85,187.65,414988,789.8
01-11-2013,188,189.45,185.9,188.05,187.35,114484,214.42
03-11-2013,188.7,191,187.1,189.5,189.3,46952,88.88
05-11-2013,189,204.5,186.85,196.6,195.5,511233,1009.78
06-11-2013,195.8,199.3,193.25,194.4,195.35,190847,374.32
07-11-2013,191,201.95,187.5,190,189.15,251170,492.88
08-11-2013,190.8,192.7,182.3,182.7,183.25,136435,255.47
11-11-2013,183,185.25,175.15,176.5,177.25,177925,320.17
12-11-2013,177.85,191.3,173,182.6,180.05,394962,728.48
13-11-2013,180.1,186.25,180.05,182,181.2,77949,142.2
14-11-2013,181.55,188,181.55,184,183.65,87681,161.87
18-11-2013,184.5,187.8,183.65,184.75,184.75,69712,129.11
19-11-2013,185,190.7,184.05,185.75,185.55,114743,214.38
20-11-2013,184,187.6,181.65,182.9,182.55,68252,126.33
21-11-2013,182.15,186,179,180.55,180.9,79065,144.11
22-11-2013,182,183.4,178.15,179.5,179.75,49977,90.35
25-11-2013,180.95,186.5,180.65,182.65,182.45,125199,230.16
26-11-2013,182.5,185.5,180.05,181.3,180.8,100017,183.1
27-11-2013,180,182.3,178.75,180.15,179.95,50156,90.35
28-11-2013,181,184.9,181,182.85,182.45,109935,201.53
29-11-2013,183.65,187.8,182.45,183.45,182.95,87223,160.91
02-12-2013,182.3,199,182.3,195.25,195.75,407024,782.91
03-12-2013,196.75,203,193.1,194.95,194.4,574717,1141.81
04-12-2013,194.95,198.8,188.25,191.7,189.9,165039,319.69
05-12-2013,193,199.35,190.1,196.3,196.3,400819,787.52
06-12-2013,196.3,213.4,195.95,207,208.35,1502995,3130.85
09-12-2013,214.5,220.75,212.5,215,215.3,731603,1583.64
10-12-2013,216.2,217.2,205.75,208.95,209.1,229907,483.2
11-12-2013,209.4,216.2,208.05,212.7,212.3,276731,587.3
12-12-2013,210.4,212.65,206.45,207,207.35,97196,203.95
13-12-2013,206,208,184.4,197.35,197.7,161765,325.37
16-12-2013,198.6,206.45,193.5,204.5,204.2,244887,497.17
17-12-2013,203.2,209.9,202.25,205.5,206.4,236809,488.43
18-12-2013,205.75,206,196.2,203.8,203.7,74094,151.19
19-12-2013,205.7,211,202,205.45,205.85,216730,448.62
20-12-2013,204.1,211.9,204.1,211.75,210.05,151980,317.55
23-12-2013,210.55,242.45,210.2,233.9,234.8,1981763,4615.61
24-12-2013,236.55,244.9,234.2,240.1,240.85,733194,1756.92
26-12-2013,241.8,248.7,241.3,244.5,244.1,333999,818.85
27-12-2013,245,245.8,234.8,238.65,239.4,179966,430.3
30-12-2013,240.9,248.8,237,241.5,241.95,441354,1077.53
31-12-2013,243,244.8,234.15,234.95,236.05,199857,478.91
01-01-2014,235.2,238.9,234.5,236.85,237.05,99551,235.85
02-01-2014,238.25,243.2,225,227.5,227.1,198156,466.9
03-01-2014,224.9,231.85,219,220.1,220.2,158553,353.52
06-01-2014,220.95,228,220.1,221,221.45,155409,346.96
07-01-2014,222.85,235.75,221.35,222.8,223.2,470664,1071.74
08-01-2014,224.65,225.35,211.25,213.5,212.85,312207,678.9
09-01-2014,213.1,217,207.3,208.4,208.55,227210,482.59
10-01-2014,209.65,213.75,202.5,203.5,203.5,279745,582.83
13-01-2014,204.2,211.75,204.2,207.55,206.8,136384,283.37
14-01-2014,206.8,212.8,206.45,210.8,210.05,236710,497.35
15-01-2014,210.05,222.3,210.05,216.75,216.25,502532,1094.73
16-01-2014,217.7,223,214.4,216.3,215.65,287762,630.09
17-01-2014,216.45,217,206.3,208.5,207.5,125982,265.6
20-01-2014,207.6,212,206.3,209.5,209.15,133484,279.6
21-01-2014,209.8,214,209.05,209.7,209.5,98508,207.81
22-01-2014,208.05,210.65,207,207.15,208,101316,211.34
23-01-2014,206.75,211,206.75,207.15,207.55,79205,164.89
24-01-2014,205,213.8,204.9,206.2,206.3,264842,553.03
27-01-2014,202.65,204,193.2,194.55,194.3,111765,220.88
28-01-2014,195,202.55,193,194.5,194.85,112899,222.64
29-01-2014,196.15,202.3,196.15,198,197.95,137029,273.05
30-01-2014,195.4,196.35,186,187,186.7,179168,339.84
31-01-2014,187.25,191.55,187.25,190.5,189.45,131575,249.28
03-02-2014,190,190,182.55,183.2,183.3,93977,175.01
04-02-2014,181.25,211.5,180.05,205.45,205.25,1188541,2403.03
05-02-2014,206.5,207.7,197.6,198.65,198.5,467323,943.88
06-02-2014,199,203.8,195.05,195.6,195.95,191881,382.11
07-02-2014,198.9,201.9,193.6,196.45,195.4,166229,328.92
10-02-2014,197.1,204,194.3,198.65,198.2,309492,618.79
11-02-2014,198.25,203.5,196.5,198.6,198,184530,368.47
12-02-2014,199.65,205.9,197.1,198.6,198.7,690583,1389.66
13-02-2014,199.65,199.95,193,194.3,194.45,137462,268.47
14-02-2014,196.7,200.45,188,199,196.7,134166,261.45
17-02-2014,203,203,195.6,196.9,197.3,120157,237.79
18-02-2014,197,200.3,195.65,198.3,198.9,126918,251.82
19-02-2014,197.55,199.85,196.2,197.3,197.2,186150,368.89
20-02-2014,195.45,199.65,195.45,198.35,198.2,96006,189.36
21-02-2014,199.4,205.7,198,204,203.65,180175,363.79
24-02-2014,202.6,211.95,201.6,208.65,208.2,295223,615.68
25-02-2014,208.25,211.35,204.8,205.5,205.5,105634,219.35
26-02-2014,205.1,210.8,205.1,208.6,208.7,225058,470.59
28-02-2014,208,209.9,205.55,207.65,206.95,50264,104.14
03-03-2014,207,216.8,205.55,208.7,208.85,342741,728.43
04-03-2014,210.4,212.05,207.1,208.6,208.75,103999,217.69
05-03-2014,209.8,210.85,207.1,208,208.6,129982,271.7
06-03-2014,209,218.8,208.15,216,216.25,454172,974.92
07-03-2014,218,232,217.85,228.95,228.55,601154,1352.06
10-03-2014,227.7,241.7,223,239.5,239.4,439593,1035.92
11-03-2014,239.05,245.5,233.55,237.7,237.1,212881,509.42
12-03-2014,234.85,247.9,231.35,246.7,245.6,346156,836.41
13-03-2014,245.7,278.8,244.6,263.7,262.4,1944141,5150.65
14-03-2014,261.9,269.8,256.6,260.4,260.55,604472,1590.37
18-03-2014,261,269.5,256.55,267.1,266.7,370412,982.05
19-03-2014,267,279.45,267,274.55,273.5,427952,1171.2
20-03-2014,274.65,277.65,266,271.65,272.7,251860,685.83
21-03-2014,273.1,275,266.6,269,269.5,131854,355.46
22-03-2014,270.05,271.6,264,267.05,267.1,38501,103.31
24-03-2014,267.6,304.7,266.15,288.75,290.05,1915216,5615.3
25-03-2014,290,297,284.6,286.65,287.9,479079,1387.95
26-03-2014,287,296.8,285,287.55,288.75,368483,1073.58
27-03-2014,288,294.7,285.2,292.85,292.15,329319,958.54
28-03-2014,293,297.5,287,290,289.25,189426,552.21
31-03-2014,291.35,296.8,288.4,291.25,292.15,177441,519.02
01-04-2014,294.45,294.95,287,288,288.4,172321,500.8
02-04-2014,287.6,304,287.6,299.8,300.2,409744,1217.91
03-04-2014,302,312,296.1,305.1,304.65,550096,1681.48
04-04-2014,305.1,341,299,337,334.15,1990682,6432.9
07-04-2014,337.7,339.2,321.4,324.5,325.85,655657,2158.72
09-04-2014,327,352,324,338.4,338.75,1114813,3796.18
10-04-2014,340,406.5,334.25,406.5,398.95,2299237,8608.83
11-04-2014,412,451.9,407.45,430,430.15,2780135,12089.92
15-04-2014,432,432.5,392.6,398.8,399.7,891857,3614.49
16-04-2014,399,428,397.5,401.05,399.85,788168,3248.68
17-04-2014,403.65,415.85,392.75,396.5,395.95,450968,1818.65
21-04-2014,399.7,408.8,389.55,398,398.15,665737,2662.23
22-04-2014,401,418,398.5,405,404.5,889538,3641.64
23-04-2014,405.15,417,405.15,410.85,410.45,620867,2556.42
25-04-2014,407.25,410.3,394,399,399.95,531177,2129.86
28-04-2014,397.1,403.9,390,392,391.4,256122,1012.32
29-04-2014,393.95,413.75,387.7,393.25,394.2,560443,2246.29
30-04-2014,397,408.6,380,386,387.5,468475,1856.42
02-05-2014,390.75,402.9,388,398.6,398.6,368903,1457.69
05-05-2014,395.05,405,391.45,395,393.65,295481,1176.65
06-05-2014,396.7,401.95,392,398.25,398.65,231434,919.51
07-05-2014,396.05,401.4,393.5,397.05,396.3,235273,933.54
08-05-2014,399.8,399.85,389.4,391.3,392.15,175913,692.88
09-05-2014,392.15,420.5,392.1,418.8,416.2,1021909,4173.71
12-05-2014,420.9,436,399,406.4,410.3,737204,3125.81
13-05-2014,414,465.8,414,446.3,446.25,1697772,7521.01
14-05-2014,450,488,449,457.9,456.6,2270691,10703.83
15-05-2014,460,468.5,445,448.7,448.75,503179,2287.42
16-05-2014,466,485.65,450.1,464.1,466.9,1444172,6736.02
19-05-2014,471,560.25,471,560.25,559.5,2664782,13947.6
20-05-2014,567.8,609.9,565,569.55,568.95,1649173,9633.16
21-05-2014,572.9,598,541.35,588,588.85,1217185,7071.54
22-05-2014,594.8,620,591.5,603,604.8,1057283,6431.93
23-05-2014,611.1,622,590.5,596.5,594.15,590190,3570.26
26-05-2014,608,695,597.65,606,610.4,3720854,24169.71
27-05-2014,614.7,614.75,538.95,581,583.25,1306950,7631.38
28-05-2014,588,614.7,566.1,608.25,605,2089601,12490.75
29-05-2014,610.4,625,600,617,612.5,810669,4979.75
30-05-2014,651.1,677.5,645,651.1,652.85,2032940,13413.67
02-06-2014,659.8,679.8,654,670,671.05,1040478,6951.62
03-06-2014,674.65,683,656.05,669.75,670.2,857606,5758.88
04-06-2014,672,677,655.65,660.25,660.7,506817,3367.01
05-06-2014,661.5,697.4,661.5,684,688.05,982300,6673.74
06-06-2014,692.5,766,691.5,736,738.5,1959964,14353.08
09-06-2014,745.4,786.75,742,783,778.35,1306340,10011.41
10-06-2014,786,832,781.2,815.5,813.95,1674690,13523.66
11-06-2014,819.95,836.3,785,794.95,796.05,1135886,9238.54
12-06-2014,799.9,802.4,772.2,775.5,778.1,496877,3885.44
13-06-2014,781,784,688.2,751.7,751.05,1098999,8195.96
16-06-2014,755,781.9,740.05,763.7,763.35,695928,5306.85
17-06-2014,766.95,778.5,757.15,774,773.8,414240,3192.88
18-06-2014,776.9,813.8,758.15,788.9,795.45,1056799,8330.13
19-06-2014,802.5,820,792.2,806.8,810.25,1135670,9184.79
20-06-2014,813.5,814,776.9,782.1,780.15,502467,3999.77
23-06-2014,786,811.7,780.1,806,803.9,533216,4261.01
24-06-2014,809,863.7,798,849,850.05,1981023,16630.42
25-06-2014,852,877.7,841.5,868,866.75,1501298,12960.38
26-06-2014,868,874,819.25,821,824.1,1265678,10700.8
27-06-2014,827,848,800,806.95,807.2,642605,5278.92
30-06-2014,800,809.95,767,799,796.3,88668,700.49
01-07-2014,800,805,778,784,782,65127,514.12
02-07-2014,788,803.9,780,790.7,789.25,85375,676.31
03-07-2014,790,800,770.2,786,778.4,72804,568.9
04-07-2014,790,790,760.1,775,776.9,72076,555.19
07-07-2014,777,815.7,777,815.7,815.7,141842,1139.68
08-07-2014,820,832.4,774.95,774.95,774.95,129304,1029.05
09-07-2014,755,755,736.25,736.25,736.25,41909,309.34
10-07-2014,699.45,772,699.45,708,710.85,188096,1345.77
11-07-2014,720,728,675.35,675.35,675.35,38748,265.19
14-07-2014,641.6,642,641.6,641.6,641.6,17781,114.08
15-07-2014,610,670,609.55,665,662.5,169889,1055.51
16-07-2014,664,664,634,653,651.5,48906,316.7
17-07-2014,655,684.05,641,684.05,684.05,87671,589.79
18-07-2014,689,713,678,696,698.65,67505,472.36
21-07-2014,711,715,700,707.8,707.5,38730,273.93
22-07-2014,707.5,713,687.65,690,690.45,52671,367.83
23-07-2014,703,706.8,655.95,657,659.85,52353,351.25
24-07-2014,654.3,666,630,650,649,35900,233.37
25-07-2014,642.4,654.95,630,638,633.6,41204,263.71
28-07-2014,628,635,604,614.8,609.8,44319,271.09
30-07-2014,593.35,625,580.1,614.05,618.6,71396,431.23
31-07-2014,619,640.45,615.1,636,630.5,28440,179.95
01-08-2014,615.5,642,603.15,614,611.25,86447,534.33
04-08-2014,623,641.8,620.25,641.8,640.05,63629,403.92
05-08-2014,644.9,672.05,633,672.05,669.3,86682,570.56
06-08-2014,682,695,665.1,683,684.95,501322,3429.1
07-08-2014,694,718,666,670.2,671.3,711778,4964.56
08-08-2014,665,665,640.1,642,644.6,168573,1096.93
11-08-2014,646.35,659,612.4,622,619.25,195445,1235.91
12-08-2014,622.05,635.5,611.05,618,618.25,140670,873.55
13-08-2014,587.35,594.7,587.35,587.35,587.35,189899,1116.26
14-08-2014,567.6,577.4,558,558,558.4,321590,1811.48
18-08-2014,547,586.3,542.3,586.3,583.6,236416,1347.77
19-08-2014,585.3,588.5,565.15,568,569.35,186937,1073.7
20-08-2014,564,579.7,558.3,561.55,561.7,120280,684.16
21-08-2014,556.1,570,550.05,552.95,552.55,96412,539.6
22-08-2014,551.05,560,541.1,544,545.25,86703,476.87
25-08-2014,548.1,554,541.5,541.6,542.6,77251,422.14
26-08-2014,539.3,543.95,515.5,515.5,515.5,90893,476.14
27-08-2014,531.2,541.25,531.2,541.25,541.25,61696,333.28
28-08-2014,568.3,568.3,568.3,568.3,568.3,24536,139.44
01-09-2014,583.7,596.7,574.5,596.7,596.7,364387,2149.42
02-09-2014,610,626.5,609,626.5,626.5,160203,996.87
03-09-2014,654.9,657.8,631,636.05,638.2,409758,2643.79
04-09-2014,639.95,645,606.35,611,612.45,170539,1052.14
05-09-2014,611,666,611,653,654.7,544637,3540.03
08-09-2014,660.95,673.65,655,661.1,662.5,171061,1134.68
09-09-2014,665,666.75,642.9,645.1,648.3,107302,698.12
10-09-2014,606,645.7,606,620.75,620.15,189231,1187.55
11-09-2014,622,682.15,622,682.15,682.15,526445,3473.75
12-09-2014,696,728.7,661.3,699,699.8,957928,6686.08
15-09-2014,699,709.5,685,687,687.55,263670,1833.28
16-09-2014,683.5,709.9,644.05,646.05,652.15,268926,1821.74
17-09-2014,655.7,677.8,646.1,661.25,663.3,199747,1319
18-09-2014,663.4,694,659.75,676,675.95,257959,1754.92
19-09-2014,678,683.95,651.95,659.05,658.95,157327,1051.27
22-09-2014,650,681.7,645,669.6,667.05,166088,1106
23-09-2014,663.4,671,644,649.6,647.25,106255,696.79
24-09-2014,649.6,654.5,620.05,629.7,628,119576,754.83
25-09-2014,630,637.5,575.45,584,580.8,188356,1126.22
26-09-2014,575,607,546,603,593.95,266860,1528.34
29-09-2014,597.8,627.9,597.8,616,611.25,147042,903.88
30-09-2014,610.45,636.8,601.65,613.05,614.95,196874,1216.71
01-10-2014,621.8,630.7,606.25,609.45,609.55,144929,893.72
07-10-2014,604.1,610.5,572.9,581,576.9,103452,609.53
08-10-2014,579.8,606,575.25,579.9,582,391908,2309.56
09-10-2014,587,608,587,596.1,596.3,291314,1743.24
10-10-2014,588,602,576.25,586.5,585.75,185682,1096.2
13-10-2014,580,593.4,576.1,581.5,582.15,105758,616.66
14-10-2014,587.6,591.95,576,576.5,577.6,84927,495.12
16-10-2014,573.25,583.8,542,548,549.9,128785,725.26
17-10-2014,552,561.35,540.1,551.15,550.85,113583,628.35
20-10-2014,561.5,570.95,556,558.5,557.9,66421,374.11
21-10-2014,559.2,664.6,559.2,658,653.7,1901730,11957.99
22-10-2014,666,684.9,633.35,654,654.45,1036902,6866.04
23-10-2014,653.8,658.1,642.8,649.5,648.1,92664,601.01
27-10-2014,653.8,702.15,653.8,682,682.35,1090226,7489.11
28-10-2014,682.5,683,615,663.8,662,449682,2978.55
29-10-2014,664,678,652,663,661.75,268747,1788.94
30-10-2014,662,685,653.1,671.2,672.15,363402,2430.75
31-10-2014,679,688.4,666.75,675.75,677.45,348884,2368.41
03-11-2014,682,690,670.6,680,679.2,260722,1775.46
05-11-2014,683.85,688,670,672,672,197685,1339.86
07-11-2014,671.1,687.4,659,681.3,681.85,263038,1778.13
10-11-2014,687.3,752.4,685,731.65,731.05,1702261,12309.4
11-11-2014,736,758,729.8,740.4,740.45,762069,5687.87
12-11-2014,738.6,744.45,720.4,728,727.7,277730,2031.09
13-11-2014,730,732.2,705.15,710.25,712.25,167362,1198.43
14-11-2014,714,751.9,704,723,728,539083,3962.72
17-11-2014,681.2,711.9,677.55,699.7,702.35,464857,3255.19
18-11-2014,706.4,720,704.9,708.95,710.65,222095,1582.95
19-11-2014,714.7,745,705,713.5,714,542906,3952.96
20-11-2014,714.5,720,695.6,705.9,706.8,148605,1053.59
21-11-2014,706,727,704,704.9,706.95,186082,1328.03
24-11-2014,709.85,734.9,696.6,718.5,717.85,428576,3082.86
25-11-2014,713,720.7,686.25,692.1,693.2,157444,1099.88
26-11-2014,690,708.8,687.2,701,700.2,159650,1118.85
27-11-2014,705.7,715,695,700,699.1,116475,821.56
28-11-2014,702.2,718.5,702.2,710.5,710.3,196767,1399.98
01-12-2014,709.7,714.3,700,701,701.5,80680,569.12
02-12-2014,697,747.9,690.15,746.5,743,623509,4530.46
03-12-2014,752,796.8,747,794,790.85,1246978,9648.79
04-12-2014,791,866.9,771.65,830,830.6,2717581,22562.9
05-12-2014,834,872,805.55,808.8,810.7,1224261,10353.75
08-12-2014,813,820,771.1,773.8,775.7,604770,4821.96
09-12-2014,777.25,814.75,772.1,783.5,781.9,609259,4831.56
10-12-2014,784.3,807.9,782.9,805,800.1,424874,3383.69
11-12-2014,804.1,804.4,755.45,762,762.15,402554,3129.83
12-12-2014,767.8,778.05,743,752,749.35,290947,2212.66
15-12-2014,742.1,747,725.85,725.85,728.2,182574,1341.73
16-12-2014,720.9,723.9,660.1,681,672.9,279490,1926.9
17-12-2014,670,713.6,640.15,685,685.05,585495,4008.23
18-12-2014,705.35,724,696,711,710.7,270279,1924.91
19-12-2014,719.05,723.9,682.15,687,687.85,269127,1895.87
22-12-2014,692.2,703.6,683.05,697,693.7,150764,1045.48
23-12-2014,699,699.8,673.3,681.5,680.45,156068,1069.76
24-12-2014,679.95,712,675,692,689.35,303565,2114.84
26-12-2014,694.95,711,679.2,700,698.35,295013,2058.74
29-12-2014,699.1,710,695,702.9,700.25,172300,1210.8
30-12-2014,704.9,756,701,752.35,750.95,1266948,9353.93
31-12-2014,758.65,824.9,758,792,793.8,2307661,18499.14
01-01-2015,795.9,812.75,784.2,790.6,789.7,618799,4941.02
02-01-2015,793.2,803,780,787.3,785.55,301578,2384.56
05-01-2015,787,794.9,768.1,775,774.55,279210,2178.57
06-01-2015,769.9,794.5,747,755,758.35,789162,6093.3
07-01-2015,759,802.8,759,791.9,792.35,1540910,12128.9
08-01-2015,802,809.7,781.55,790.55,790,630839,5024.42
09-01-2015,797.3,819.7,782,796,793.45,1065609,8543.51
12-01-2015,795,883,784.95,867,873,3110786,26358
13-01-2015,880,899,858.1,874,871.65,1749006,15449.92
14-01-2015,872.95,905,863.3,888,887.7,1593576,14145.68
15-01-2015,897,904.75,880,886,887.85,471368,4193.9
16-01-2015,888.7,938.7,880.15,921,919.35,1937343,17792.48
19-01-2015,926,946.5,917.35,926.6,926.4,886341,8278.45
20-01-2015,932.3,934.9,901.25,910,910.2,491133,4501.06
21-01-2015,914,930,896.4,917,915.65,668732,6127.81
22-01-2015,923.3,931.7,906,913.95,913.45,422312,3880.13
23-01-2015,922,927,907.75,911.65,912.25,475032,4348.61
27-01-2015,922,951.55,920.25,922,924.35,859730,8047.14
28-01-2015,920,929.9,898.6,912.2,913,309502,2832.1
29-01-2015,913,922,898,909.1,908.55,249655,2270.81
30-01-2015,915,920.9,890,903,905.05,254346,2307.74
02-02-2015,906.9,932.65,895.3,926.95,925.65,440943,4043.79
03-02-2015,927.4,954.25,920.1,936,937.25,707731,6630.79
04-02-2015,940.8,941,911,913.6,913.8,245498,2271.05
05-02-2015,914.1,928.8,906.1,914,912.35,280101,2563.55
06-02-2015,914.5,920,894,902,902.35,187557,1698.55
09-02-2015,896.5,896.5,852,859,855.4,225627,1954.95
10-02-2015,849.9,890,840,864,866.35,268206,2325.6
11-02-2015,872.9,971.6,869.95,968,959.4,1466178,13749.97
12-02-2015,970.9,982.8,911,934,933.1,1336617,12622.06
13-02-2015,937.4,948.95,897.4,930.3,922.85,672694,6262.98
16-02-2015,925,969.2,916,950.55,955.9,940888,8944.27
18-02-2015,955,1012.8,950,990,990.85,2147344,21288.71
19-02-2015,996,1024,953.8,989,989.35,1132033,11292.84
20-02-2015,991.5,994.4,971.2,981,980.05,369167,3625.66
23-02-2015,984.5,1007.8,972,990,989.6,669697,6640.28
24-02-2015,994.95,1011.5,971.1,986,986.45,822710,8176.17
25-02-2015,990.3,998.8,975,980.9,981.7,279420,2756.09
26-02-2015,986.75,1010,951.5,960,962.95,1572335,15448.7
27-02-2015,968,996.55,965,978,979.85,624504,6138.95
28-02-2015,987.5,996,958,975,976,553661,5434.43
02-03-2015,983.8,998,965.15,978.85,977.15,420851,4124.6
03-03-2015,979.9,985.7,965.3,981,980.35,243500,2377.98
04-03-2015,983.5,1050,973.5,1033.95,1037,1939919,19847.82
05-03-2015,1039.8,1059.9,1025,1041,1040.35,572634,5966.18
09-03-2015,1028.3,1035,996.2,1007,1006.3,248431,2518.09
10-03-2015,1004.3,1044.7,1004.3,1020,1019.4,413315,4235.32
11-03-2015,1014,1038.05,1010,1015.05,1013.35,247838,2529.88
12-03-2015,1016,1034.4,1010.95,1015,1015.8,158573,1619.25
13-03-2015,1018,1025.25,1008,1024.5,1022.6,703639,7174.3
16-03-2015,1026.65,1029.3,990,1026,1021.4,279589,2819.86
17-03-2015,1031,1117.8,1015,1107.7,1100.8,1891024,20429.78
18-03-2015,1113.9,1134,1091.5,1105.55,1107.55,763945,8520.86
19-03-2015,1116,1124,1081,1088.95,1094.5,378240,4158.82
20-03-2015,1078,1085,1052.6,1056,1056.15,185581,1971.93
23-03-2015,1053,1058,1014.3,1055,1041.4,123886,1282.91
24-03-2015,1038,1070,1038,1060.5,1058.2,170016,1797.79
25-03-2015,1067.2,1069.6,1020,1021.95,1025.25,183979,1912.37
26-03-2015,1017.5,1060,990,1055,1020.3,225542,2279.51
27-03-2015,1058,1063.6,983.6,1008,1009,219122,2235.25
30-03-2015,1026,1083.85,1026,1067,1066.6,403345,4294.57
31-03-2015,1068.9,1109.95,1040,1109.95,1097,461353,4961.59
01-04-2015,1100,1163.8,1086,1136.65,1139.2,631231,7157.27
06-04-2015,1138.8,1169,1112,1159.95,1161.35,369980,4246.99
07-04-2015,1163,1172.15,1140.1,1160,1163.3,233578,2709.02
08-04-2015,1167,1179.5,1153,1155.15,1159.05,185394,2161.47
09-04-2015,1165.7,1200,1160,1161,1168.8,385277,4549.19
10-04-2015,1165.05,1178,1146.05,1158,1158.45,118475,1376.01
13-04-2015,1161.9,1170,1131.9,1135.1,1135.95,137557,1582.43
15-04-2015,1139,1143,1092,1096.55,1098.05,167993,1867.06
16-04-2015,1103,1103.5,1045,1064.85,1065.1,281264,2985.93
17-04-2015,1061.2,1120,1054.9,1091,1091.6,284900,3107.02
20-04-2015,1096.1,1097.25,1055.1,1070,1067.2,158361,1697.56
21-04-2015,1068,1097,1049.45,1062.65,1062.65,176887,1901
22-04-2015,1064.8,1082.35,998,1022,1022,256568,2661.26
23-04-2015,1035.7,1039.45,1004.25,1024,1025.25,124983,1280.95
24-04-2015,1031,1038.7,991.55,992.4,994.45,113810,1146.56
27-04-2015,998.45,998.45,890,927,929.7,292855,2723.45
28-04-2015,923,944,887,932,931.2,193606,1779.48
29-04-2015,932.8,974.9,916,969.05,966.3,193556,1845.3
30-04-2015,958.8,997,934.1,984,980.5,220767,2138.22
04-05-2015,985,1013.5,985,999.45,1001.2,120818,1208.88
05-05-2015,1003,1052,993,1024,1026.5,342494,3512.83
06-05-2015,1020,1034.7,940.2,947.9,949.1,247897,2440.13
07-05-2015,927,939.95,806.25,900,869.2,1364094,11753.14
08-05-2015,907.4,919.85,860.1,882,881.65,475214,4215.39
11-05-2015,889.65,920,885.6,908,907.2,257470,2325.72
12-05-2015,907,907,866.5,868,878.9,176468,1555.75
13-05-2015,880.8,923,877.95,915,914.25,277008,2510.26
14-05-2015,913.9,948.7,894.95,921,920.9,350286,3248.88
15-05-2015,927.9,947,920.1,923.95,924.55,178320,1666.4
18-05-2015,932.7,964,926,937,940,292208,2767.39
19-05-2015,947.7,959,931.1,947.65,943.3,138092,1309.76
20-05-2015,952.7,952.7,936,946.8,946,87884,831.86
21-05-2015,946,952,923.75,936.95,934.65,89845,843.37
22-05-2015,939.9,959,937,948,945.4,133874,1270.41
25-05-2015,941,951.25,935.1,938,939.9,78853,743.67
26-05-2015,942,954,925,950.1,947.8,104608,983.91
27-05-2015,942,971.5,932,940,944.9,185881,1779.15
28-05-2015,941.15,988.8,940.8,983,977.25,199486,1927.86
29-05-2015,984,1077.5,962.15,1062,1037.15,559728,5663.58
01-06-2015,1122,1152,1052.1,1056.7,1059.05,1264401,13946.09
02-06-2015,1060,1068,1016,1051,1038.3,292204,3042.72
03-06-2015,1042.2,1073,984.85,1058,1061.35,397624,4109.82
04-06-2015,1068,1152,1035.1,1150,1135.95,901886,9981.19
05-06-2015,1147,1217.95,1136.5,1184.4,1186.1,1123979,13389.15
08-06-2015,1189,1206,1145.1,1182,1183.95,419747,4913.42
09-06-2015,1179.7,1245,1162,1209,1215.95,676910,8271.79
10-06-2015,1222.75,1254.3,1202.1,1219.9,1219.25,613192,7554.13
11-06-2015,1248,1263.8,1213.25,1230,1227.7,611279,7581.84
12-06-2015,1228,1247.75,1182.05,1241.1,1241.95,363860,4436.49
15-06-2015,1240,1252.5,1219,1223,1223,179285,2209.39
16-06-2015,1227.9,1245.8,1201,1234.05,1238.15,313099,3849.67
17-06-2015,1241.9,1274,1224.05,1256,1255.25,493085,6199.74
18-06-2015,1260,1267.95,1238.5,1245.8,1251.05,217685,2729.66
19-06-2015,1258,1263.35,1236.55,1243.15,1245.65,167151,2085.88
22-06-2015,1245.65,1274,1240.1,1259,1259.8,261653,3298.37
23-06-2015,1264.4,1288.4,1248.9,1265.25,1263.55,336283,4271.64
24-06-2015,1268,1276.6,1232.05,1233,1240.4,134291,1689.23
25-06-2015,1238,1249,1190,1212,1208.1,262201,3181.89
26-06-2015,1212,1231.95,1201,1211,1216.75,209205,2552.64
29-06-2015,1185,1206.9,1156,1193.55,1196.5,137424,1637.96
30-06-2015,1202.8,1222,1184,1212.35,1211,247540,2967.86
01-07-2015,1212,1247,1212,1240.55,1240.45,267098,3309.1
02-07-2015,1245,1319.85,1245,1302.45,1300.95,642120,8339.88
03-07-2015,1309.9,1344.95,1309.75,1324.7,1328.3,388428,5165.7
06-07-2015,1301.25,1338,1288.3,1321,1323.3,230463,3051.45
07-07-2015,1322.5,1365,1322.5,1350.25,1350.35,322681,4353.81
08-07-2015,1337,1347.55,1302.5,1305,1312.2,224045,2961.77
09-07-2015,1320,1334,1305.15,1307,1311.5,123956,1637.2
10-07-2015,1328,1338.5,1305.55,1326,1326.4,112992,1493.2
13-07-2015,1333.3,1356.8,1326.5,1345,1348.1,199278,2682.44
14-07-2015,1350,1368,1329,1345,1347.35,233377,3146.55
15-07-2015,1354,1365,1345,1345,1357,237832,3233.78
16-07-2015,1361,1452,1355.2,1449,1424.7,532705,7430.53
17-07-2015,1455,1497.4,1448.55,1465,1474.1,651500,9615.81
20-07-2015,1482,1518,1472.6,1498.4,1497.05,371469,5565.19
21-07-2015,1495,1612,1492,1530,1541.6,572862,8924.35
22-07-2015,1540,1550,1475.55,1506.9,1502.95,354918,5366.91
23-07-2015,1514,1535,1466.1,1516.6,1515.05,248924,3760.45
24-07-2015,1516,1521,1472,1485,1481.9,130113,1942
27-07-2015,1484.8,1510,1427,1448,1454.2,229837,3360.63
28-07-2015,1463.5,1500,1461.3,1488.25,1486.95,219504,3258.49
29-07-2015,1494,1509.7,1464.2,1474.95,1478.55,139115,2067.46
30-07-2015,1490,1526.35,1485,1510,1507.75,197987,2986.23
31-07-2015,1518,1548,1505,1518.15,1519.6,260576,3977.03
03-08-2015,1524,1559,1521,1550,1549.9,207803,3207.82
04-08-2015,1558.85,1569.9,1535.05,1555.85,1558.5,271637,4235.52
05-08-2015,1569.8,1587,1540.25,1542,1546.8,212306,3324.1
06-08-2015,1552,1554.1,1480,1521.75,1519.95,179325,2729.77
07-08-2015,1526,1526,1465.55,1465.55,1487.55,134078,2011.25
10-08-2015,1482,1484.85,1395,1418,1407.7,206004,2952.34
11-08-2015,1416,1447.9,1390,1420.35,1415.1,170320,2419.98
12-08-2015,1405.25,1437.85,1370.25,1374,1381.15,135169,1893.38
13-08-2015,1385,1417.85,1362,1380,1377,117708,1639.83
14-08-2015,1382,1405,1361,1365.35,1373.3,170024,2354.24
17-08-2015,1349.8,1368,1310,1349,1354.1,293305,3935.59
18-08-2015,1360,1390,1355.75,1360.05,1363.45,133477,1833.71
19-08-2015,1369.65,1384.9,1330.1,1333.05,1338.45,112892,1534.03
20-08-2015,1331,1345.3,1311.4,1317.05,1320.65,74860,992.5
21-08-2015,1295,1319.95,1234.55,1310.25,1310.95,155158,1982.85
24-08-2015,1255,1278,1140,1259.95,1206.9,244321,2970.32
25-08-2015,1215.6,1266,1060.05,1250.8,1256.1,256602,3028.59
26-08-2015,1247.5,1281,1193.2,1255,1266.8,124121,1544.75
27-08-2015,1284,1308.45,1267,1289.1,1291.2,131473,1700.4
28-08-2015,1313.7,1315,1218,1286,1263.75,156233,1992.94
31-08-2015,1259,1313,1240.8,1296.1,1296.9,162239,2070.31
01-09-2015,1260,1308.95,1212.5,1225,1233.35,129213,1628.56
02-09-2015,1249,1259.95,1210.7,1217,1217.9,97136,1194.49
03-09-2015,1225,1252,1212.95,1235.75,1235.5,91504,1127.79
04-09-2015,1239,1244,1180.35,1230,1214.75,176924,2132.1
07-09-2015,1229,1239.55,1170,1170,1187.05,96519,1159.91
08-09-2015,1171,1218.8,1156.2,1185.9,1190.4,113748,1347.8
09-09-2015,1210,1234.2,1199,1220,1222.15,109549,1332.86
10-09-2015,1208,1223,1180,1204,1200.65,115154,1379.79
11-09-2015,1212.05,1232.8,1181.4,1184,1189.65,114417,1380.44
14-09-2015,1199,1200,1175.5,1176.55,1181.45,73254,870.2
15-09-2015,1183,1199,1130.25,1160,1150.5,130520,1519
16-09-2015,1161,1176,1127.5,1140.1,1147.05,115992,1331.07
18-09-2015,1167,1186.95,1142.05,1180,1171.35,85518,993.91
21-09-2015,1160,1253,1154.8,1227.9,1223.95,320345,3918.14
22-09-2015,1237.3,1279,1210,1235,1235.8,331560,4133.54
23-09-2015,1228.65,1269,1215.1,1241.25,1246.8,250159,3132.04
24-09-2015,1275,1275,1253,1260.9,1261.85,191794,2420.13
28-09-2015,1268,1279.8,1232.25,1237,1243.4,202322,2545.98
29-09-2015,1224,1240,1183.9,1209.5,1211.7,166444,2019.81
30-09-2015,1226.3,1252.65,1218.35,1242,1242.6,174426,2165.43
01-10-2015,1253,1258.7,1235,1243,1243.8,127602,1589.22
05-10-2015,1250,1263.8,1245,1251.9,1250.1,64970,813.98
06-10-2015,1255.25,1316.9,1255.25,1278.8,1280.75,397693,5134.2
07-10-2015,1276,1292.7,1259.05,1265,1268.15,142071,1811.15
08-10-2015,1268,1284.1,1246.3,1256.1,1260.4,101986,1291.38
09-10-2015,1266,1276.05,1241.1,1241.1,1245.8,100920,1268.07
12-10-2015,1245,1255,1211.05,1220,1220.85,128348,1570.25
13-10-2015,1225,1238.5,1213.85,1215.15,1218.85,80403,982.87
14-10-2015,1220,1258,1215,1241,1239.15,155638,1934.02
15-10-2015,1249.8,1251.45,1222.05,1224.5,1225.3,82087,1012.95
16-10-2015,1225.05,1233.85,1213.6,1222.55,1224.7,88477,1080.85
19-10-2015,1224.7,1235.95,1216.55,1217,1220.15,53624,656.6
20-10-2015,1226,1252,1218.3,1246.05,1241.35,207789,2579.23
21-10-2015,1241.15,1280,1240.55,1246.3,1246.8,335718,4237.32
23-10-2015,1260,1263.5,1232.9,1233.9,1237.65,71569,889.94
26-10-2015,1246.8,1246.8,1203.9,1205.5,1213.9,73862,901.56
27-10-2015,1210,1210,1184.55,1199.3,1201.35,119700,1430.77
28-10-2015,1199.95,1222.5,1193.05,1201.95,1206.9,80510,973.2
29-10-2015,1206.8,1211.1,1160,1184,1174.95,129929,1538.03
30-10-2015,1185,1198,1161,1168.3,1165.55,66609,785.69
02-11-2015,1166,1176.95,1111.75,1132,1129.4,168262,1903.44
03-11-2015,1140,1148,1092,1106.05,1109.1,137393,1535.63
04-11-2015,1115,1127.9,1084,1099.55,1100.1,165122,1828.97
05-11-2015,1109.6,1109.6,1085,1103.15,1098.05,91743,1003.12
06-11-2015,1109,1119,1073.15,1109.9,1108.65,283618,3112.26
09-11-2015,1065,1132.8,999.25,1132,1127.55,138221,1539.83
10-11-2015,1127.9,1127.9,1102,1108.9,1110.65,78089,867.78
11-11-2015,1114,1124.9,1108.05,1110.05,1115.2,18164,202.75
13-11-2015,1117.6,1117.6,1087.1,1090.85,1093.3,60785,670.53
16-11-2015,1090,1123.4,1076,1099.2,1101.7,131114,1439.27
17-11-2015,1101.5,1113,1080.35,1088,1090.1,61830,678.09
18-11-2015,1091,1103.85,1033.45,1039.85,1047.7,111360,1195.57
19-11-2015,1055,1071,1026.7,1042,1041.8,201423,2113.3
20-11-2015,1045.1,1080.4,1018.05,1066.3,1068.85,223924,2368.15
23-11-2015,1070,1078.5,1050,1050.05,1054.15,81784,865.78
24-11-2015,1054,1069.8,1051.15,1056,1056.8,81898,869.23
26-11-2015,1052.05,1149,1040,1067,1068.05,226993,2413.16
27-11-2015,1068,1136,1066.5,1132,1125.5,214446,2362.78
30-11-2015,1133.5,1155,1127.05,1128,1132.65,213136,2426.82
01-12-2015,1139,1142.8,1124.3,1125,1127.7,95979,1086.84
02-12-2015,1129,1135,1089.5,1102.6,1099.6,181070,1992.97
03-12-2015,1101,1101,1073.5,1074.6,1077.65,146446,1584.56
04-12-2015,1074,1116.25,1057.2,1110.55,1107.8,258469,2826.66
07-12-2015,1117.8,1124,1077.05,1099,1100.25,202895,2228.41
08-12-2015,1091,1108.7,1070,1070,1077.6,86985,947.8
09-12-2015,1075,1080.95,1033.85,1062.4,1051.7,204822,2157.42
10-12-2015,1069,1073,1040,1069.9,1066.4,125609,1330.54
11-12-2015,1070.1,1103,1062,1067.1,1069.55,219882,2378.64
14-12-2015,1067,1085,1056,1076.1,1076.4,121920,1307.78
15-12-2015,1078.6,1096.25,1061.3,1087,1090.7,156747,1693.18
16-12-2015,1093,1130,1082.65,1124.8,1123.1,291311,3242.51
17-12-2015,1135,1225,1130.75,1225,1216.9,858102,10231.24
18-12-2015,1228.2,1271.85,1220,1260,1263,1190932,14955.65
21-12-2015,1263,1267.25,1239.1,1250,1249.85,363430,4551.13
22-12-2015,1255.1,1287.7,1251.1,1260.1,1263.15,429135,5447.43
23-12-2015,1268.1,1276.6,1246.6,1268,1262.1,308175,3885.33
24-12-2015,1265,1312.8,1255,1283.25,1285.9,709436,9118.53
28-12-2015,1285,1309.25,1276.25,1287.6,1287.65,293958,3794.56
29-12-2015,1287,1301,1272.4,1296,1295.35,272056,3512.26
30-12-2015,1298.95,1304.45,1275,1279.15,1280.8,216193,2785.62
31-12-2015,1281.15,1290.95,1266.1,1286.2,1281.1,196008,2506.28
01-01-2016,1285,1317.7,1278.6,1304.8,1300.7,380104,4953.03
04-01-2016,1310,1324.4,1255.1,1281,1276,308812,3987.93
05-01-2016,1282,1292.45,1261.15,1265,1271.9,136825,1742.41
06-01-2016,1270.05,1282.8,1251,1256.9,1256.4,191346,2420.11
07-01-2016,1241.15,1242,1195.15,1210.65,1209.4,313492,3798.84
08-01-2016,1213,1235,1206.15,1218.4,1214.75,214009,2615.87
11-01-2016,1210,1248.9,1190.35,1234,1224.5,290316,3556.65
12-01-2016,1233,1247.1,1222,1230,1228.55,132187,1629.5
13-01-2016,1235,1245.1,1142.05,1225,1215.45,238165,2868.25
14-01-2016,1196,1211.6,1167.05,1202,1200.55,160571,1914.38
15-01-2016,1216,1222,1145.05,1165.3,1162.8,168541,1992.82
18-01-2016,1155.1,1160,1055,1105,1117.15,180663,2026.7
19-01-2016,1113,1138,1100,1114.95,1114.1,144957,1622.13
20-01-2016,1100,1118.5,1062.05,1089.1,1096.5,206063,2253.11
21-01-2016,1115,1119,1064,1067.45,1073.05,178113,1944.23
22-01-2016,1082.95,1118.5,1076,1097.15,1098.9,164396,1808.92
25-01-2016,1116,1135,1093.2,1095.9,1101.75,158000,1767.88
27-01-2016,1101.45,1118,1078,1078,1084.35,161282,1775.72
28-01-2016,1081,1093,1057.8,1067,1063.35,233848,2504.98
29-01-2016,1054.5,1070.75,1036.5,1044,1049.4,207564,2182.15
01-02-2016,1050,1066.4,1041.55,1045.85,1048,166664,1751.46
02-02-2016,1046,1072,1035,1038,1041.65,166704,1764.49
03-02-2016,1030,1030,988,1002.75,1003.2,275804,2773.92
04-02-2016,1011,1019.8,975,999,996.1,221989,2211.29
05-02-2016,995.6,1038,984.35,1033,1028.95,179956,1819.05
08-02-2016,1029.9,1066,1029.9,1041.5,1037.2,178510,1871.3
09-02-2016,1026.9,1043.9,997.6,1010,1011,179647,1831.88
10-02-2016,995,1014.6,991.7,1002,1000.9,122495,1226.61
11-02-2016,996,1010,920,967,969.15,378887,3691.01
12-02-2016,950.1,1043.5,900,943,937.95,335706,3139.79
15-02-2016,953.95,1008,940,976,983.15,320289,3129.36
16-02-2016,1003,1009,951.2,970,959.25,256376,2514.97
17-02-2016,970,972,924,957.9,954.55,177507,1671.45
18-02-2016,967.5,987,932.1,938,940.65,225430,2166.12
19-02-2016,935,980.95,932,975,971.55,190370,1821.31
22-02-2016,983.4,1049,975,1043,1040.55,594428,6059.07
23-02-2016,1043,1052.65,1003.6,1012.7,1014.55,407967,4177.66
24-02-2016,1014,1034,1000,1017.5,1017.4,330606,3370.04
25-02-2016,1025,1039.75,965.7,970,977.95,1106300,11080.69
26-02-2016,984.95,986.75,938,957,952.75,459353,4372.98
29-02-2016,953,986.9,911,951.2,945.45,496671,4773.01
01-03-2016,980,998,965,993,990.2,615216,6030.72
02-03-2016,1002.1,1034.8,1001.7,1033.7,1029.5,285476,2921.17
03-03-2016,1039.7,1057.6,1032.1,1041.9,1044.75,290829,3044.93
04-03-2016,1047,1062.5,1012.05,1058,1053.25,215640,2237.28
08-03-2016,1056,1072,1035,1055.1,1058.55,224770,2373.75
09-03-2016,1037.25,1064,1037.25,1050,1056.1,121493,1280.54
10-03-2016,1061.75,1068.05,1032,1036.55,1038,171455,1795.82
11-03-2016,1042,1052,1030.95,1031.35,1035.5,86364,898.56
14-03-2016,1047.8,1047.8,1023.2,1034.1,1034.65,97169,1004.91
15-03-2016,1042,1042.95,1023.3,1030.05,1030.25,64794,668.7
16-03-2016,1031,1040,1011.55,1031.1,1030.85,110308,1132.08
17-03-2016,1030.85,1049.7,1016.05,1020.15,1024.7,148808,1530.81
18-03-2016,1029.85,1030,1006.65,1016.15,1017.9,169649,1723.58
21-03-2016,1023,1078,1012,1071.5,1068.75,444774,4666.4
22-03-2016,1075,1112,1071.3,1086.4,1091.5,510024,5583.7
23-03-2016,1094.4,1097,1065,1095,1090.9,362129,3927.03
28-03-2016,1098,1108.65,1050.15,1050.15,1054.75,242994,2616.98
29-03-2016,1060.05,1066.4,1016.8,1041.95,1035.55,313289,3237.32
30-03-2016,1051,1052,1022,1037,1032.95,301222,3104.33
31-03-2016,1040,1067.95,1015.5,1055,1044.1,367149,3811.65
01-04-2016,1035,1049.95,1024.95,1025.4,1028.45,190309,1968.1
04-04-2016,1033,1035.9,1011.3,1011.4,1016.6,125671,1284.4
05-04-2016,1016.6,1016.95,970.1,975,975.15,261103,2587.18
06-04-2016,977.25,987.9,926.4,942.1,941.9,367431,3475.6
07-04-2016,943,945.1,915,915,918.7,365570,3388.54
08-04-2016,910,917.8,884.2,885.9,888.2,538847,4834.88
11-04-2016,881,898,866,880,882.4,849597,7470.77
12-04-2016,885,915,881.3,905,904.85,900745,8156.58
13-04-2016,915,955.5,912,941,941.55,851469,7979.55
18-04-2016,944,962.5,931,952,952.55,368337,3508.14
20-04-2016,965,968.8,938.05,943.3,947.2,339724,3247.23
21-04-2016,951,956,928,929.55,932.8,261038,2448.68
22-04-2016,925,948.7,919.55,936,939.35,353917,3311.69
25-04-2016,947.8,947.8,915,920.95,918.1,224306,2082.03
26-04-2016,910,935,909,934.2,931.45,200193,1852.18
27-04-2016,938,945,932,936.45,939.15,151814,1425.88
28-04-2016,943.85,948,913.8,916.95,918.95,261429,2434.06
29-04-2016,921.75,936.6,912.85,919.15,920.95,218602,2021.43
02-05-2016,915,926.95,910.1,921.2,918.5,105223,967.5
03-05-2016,920.5,938.85,911.55,917,916.15,223515,2072.95
04-05-2016,916,923.5,891.4,894,897.75,164740,1494.76
05-05-2016,894,904.7,886.6,893,892.9,169611,1518.36
06-05-2016,893.8,902.3,869.45,870.9,873,212904,1886.48
09-05-2016,866,914,865,911.15,908.05,405380,3606.92
10-05-2016,911,931.9,907.5,917.7,916.75,338276,3117.84
11-05-2016,910,926.8,895.55,912,912.95,242242,2219.34
12-05-2016,919,930,912.75,917.1,916.95,118552,1089.77
13-05-2016,923,925.5,896,903.6,899.65,201342,1830.93
16-05-2016,901,909.5,891,899.45,901,151281,1361.06
17-05-2016,905,915,896,901.5,902.6,137599,1247.62
18-05-2016,902.5,908.45,892.6,899.9,898.9,137567,1238.23
19-05-2016,899.9,907,870.3,871.05,874.85,175203,1560.69
20-05-2016,881,883,860,865.25,862.4,212077,1841.86
23-05-2016,865.25,876,840.05,841,849.5,216972,1869.72
24-05-2016,844,847.4,813,823.45,819.35,310668,2579.92
25-05-2016,834,834,807,817.5,817.45,286738,2353.41
26-05-2016,824.95,833.85,809,824.7,826.7,286714,2370.04
27-05-2016,831.35,865,829.2,852.1,854.25,373410,3178.05
30-05-2016,865,892.7,855,887.9,884.5,682425,6007.61
31-05-2016,888,892.95,867,869,870.35,223084,1950.72
01-06-2016,870,879.65,841.7,849.5,846.15,215275,1850.22
02-06-2016,853,864.85,837,840,841.4,279603,2368.91
03-06-2016,846,849,825.1,826.7,827.95,193459,1618.36
06-06-2016,830,843.4,823.3,831,833.5,173365,1448.21
07-06-2016,839.85,849.4,832.1,836,835.45,210205,1766.96
08-06-2016,848,879.4,841.2,870,869.25,1020954,8857.5
09-06-2016,876.9,887,861.75,873,869,556823,4884.46
10-06-2016,876,881,858.25,867.8,863.6,343743,2998.92
13-06-2016,860,860,845.5,851.4,851.45,195961,1669.58
14-06-2016,854,859.4,845.55,847.5,850.3,157558,1343.53
15-06-2016,854,854,841,848.7,848.5,240480,2039.74
16-06-2016,848.85,849.9,834,836.05,839,179610,1510.54
17-06-2016,846.8,846.8,828,837.5,835.75,237798,1992.9
20-06-2016,830,872.7,826.65,866.5,867.6,609549,5217.11
21-06-2016,873.3,876.7,854,857.45,858.5,569782,4930.79
22-06-2016,858.5,865.9,841.35,844,846.7,225789,1927.56
23-06-2016,842,851,840,842,843.1,336569,2843.42
24-06-2016,828.9,834.55,788,829.95,830.5,457990,3749.54
27-06-2016,832.5,850.85,823.9,842,840.8,405006,3404.57
28-06-2016,845,848.9,837.9,840.35,840,168228,1418.55
29-06-2016,845,858.85,841.8,854.75,852.75,261100,2228.65
30-06-2016,855,871.7,851,853.2,854.1,386253,3327.4
01-07-2016,859,880.85,855,876.1,876.4,454347,3964.75
04-07-2016,887,902.45,881.05,899.85,898.2,495964,4440.05
05-07-2016,905.95,921,902.05,903.2,906.2,492592,4490.73
07-07-2016,911.6,914.5,888,897.5,893.35,203801,1842.74
08-07-2016,897.5,897.5,877,885,885.85,155853,1378.62
11-07-2016,894.95,901.5,888.05,893.15,892.35,132340,1184.83
12-07-2016,891.5,897,882.55,885.9,885.4,125624,1115.09
13-07-2016,888,893,877,879.8,880.9,169258,1495.66
14-07-2016,877,946,868.95,945.9,938.7,1171186,10720.1
15-07-2016,951,954.3,935.95,938,942.15,732756,6930.22
18-07-2016,942.9,959.7,932.15,935.7,937.3,679732,6442.87
19-07-2016,938,943,927.1,937.75,937.95,439259,4106.63
20-07-2016,943,965,938.1,959.1,960.2,467187,4475.82
21-07-2016,965,971.5,945,955,957.7,531586,5102.43
22-07-2016,960.25,986.85,952.1,983,982.45,500268,4871.51
25-07-2016,985.7,992.1,978.1,984.5,983.9,258300,2543.84
26-07-2016,980.1,998.2,963.2,966,975.45,398502,3921.09
27-07-2016,984.25,997,968,995.1,992.15,456615,4487.41
28-07-2016,1005.05,1035,999.1,1003.5,1004.05,535717,5454.37
29-07-2016,1011.7,1018,992,1013.45,1013.7,294501,2968.88
01-08-2016,1016,1035,1010.05,1014,1017.35,345697,3528.96
02-08-2016,1021,1024.95,993.5,1010,1001.05,302860,3057.83
03-08-2016,1004.75,1004.9,966.65,968.05,973.35,334629,3276.88
04-08-2016,973.6,997.75,960,991.1,991.15,354974,3498.31
05-08-2016,995,1049.95,992.5,1035,1037.75,491741,5038.24
08-08-2016,1039.9,1039.9,1014,1021,1020.4,180856,1848.93
09-08-2016,1022.75,1022.75,993,1004,1002.3,211630,2131.29
10-08-2016,1000,1025.5,997,1013.4,1011.15,252033,2556.7
11-08-2016,1005,1017.6,976.7,982.05,987.1,214608,2138.49
12-08-2016,986,1005.95,983,987.1,992.15,165725,1650.97
16-08-2016,998.8,1018.9,984,1010,1009.05,264522,2667.28
17-08-2016,1010,1025,1010,1022.55,1022.3,179976,1834.96
18-08-2016,1023,1036.05,1019,1023,1027.25,281938,2903.01
19-08-2016,1027.95,1050,1012,1040,1039.15,240307,2493.89
22-08-2016,1042,1058.65,1014.9,1017,1020,431610,4472.58
23-08-2016,1019.9,1028.8,1012.5,1025.05,1024.35,232645,2372.08
24-08-2016,1024,1041.8,1021.4,1032,1033.1,155187,1605.19
25-08-2016,1035,1045.9,1030.9,1039.1,1037.45,161805,1681.94
26-08-2016,1037.45,1083.4,1037.45,1058.95,1056.35,665298,7056.91
29-08-2016,1059.65,1068.5,1042.1,1058.2,1059.05,238055,2521.78
30-08-2016,1061.25,1079.55,1056.2,1067.65,1066.2,183315,1958.11
31-08-2016,1073,1085,1062.15,1069,1065.85,190939,2047.97
01-09-2016,1066.5,1073.1,1058.3,1061.5,1066.2,127525,1359.73
02-09-2016,1073.8,1088,1062.45,1073.7,1079.35,251082,2713.67
06-09-2016,1084.8,1084.8,1062.6,1065.15,1066.45,95971,1030.03
07-09-2016,1072,1101,1055.55,1083,1082.15,215589,2324.53
08-09-2016,1076.7,1097,1075,1083,1082.85,136985,1486.05
09-09-2016,1090,1090,1062.2,1075,1073.3,93822,1007.57
12-09-2016,1062.25,1085.95,1036,1043,1046.85,170632,1811.31
14-09-2016,1046,1060.9,1018.85,1020.5,1025.15,369467,3847.64
15-09-2016,980,980,892.8,902.95,900.15,2385867,21996.02
16-09-2016,909.55,927,891.3,921.7,922.05,1119445,10200.4
19-09-2016,929.9,934,907.7,909.9,909.95,443613,4075.3
20-09-2016,913.4,916.8,895.05,904,905,668886,6034.12
21-09-2016,908,915.5,893.3,897.5,899.65,275952,2494.4
22-09-2016,910,915.9,906,911,910.9,235056,2140.98
23-09-2016,914,936.05,908.55,912.9,914.95,560483,5186.15
26-09-2016,911.15,928,910.5,919.45,919,217148,1996.2
27-09-2016,924,926.7,900,906,904.55,227715,2084.22
28-09-2016,907.15,915.9,901,908.5,908.85,197649,1797.53
29-09-2016,914,918.9,856.55,872,874.85,359191,3183.43
30-09-2016,868,882.85,859.65,875.5,876.05,198295,1731.59
03-10-2016,896,905.25,877.1,904,901.75,229357,2050.25
04-10-2016,903,922,902.25,911.25,910.15,229939,2098.27
05-10-2016,920,920,900.25,905,903.35,167022,1513.03
06-10-2016,908,925,904.1,910.35,912.25,266987,2445.32
07-10-2016,906,922,902.25,906,908.25,122491,1118.59
10-10-2016,910.85,919.95,902.65,908,906.55,85386,776.89
13-10-2016,908.85,928,896.8,910.9,912.3,263105,2394.48
14-10-2016,924.9,949.5,916.1,948,945.5,645307,6049.99
17-10-2016,950,959.5,921.25,922.5,927.2,324803,3064.19
18-10-2016,931.6,941.5,927.5,935,933.65,137939,1289.27
19-10-2016,937.5,943.95,928.35,931.85,932.1,99062,927.28
20-10-2016,933.15,947.9,933.1,939.1,940.55,166911,1569.84
21-10-2016,939,941,918.55,927.6,927.85,92161,856.78
24-10-2016,935,953.05,921.5,923.65,928,130034,1216.54
25-10-2016,922.5,939.2,910,930,935.1,214683,1993.65
26-10-2016,929,936.15,911.55,914.2,914.9,95075,876.04
27-10-2016,916.85,929.8,900.15,926.8,920.65,219984,2017.88
28-10-2016,929,945.45,921.75,941.5,941.05,205077,1918.38
30-10-2016,945,945,936,939.6,939.4,27669,260.14
01-11-2016,937,944,920.35,920.35,924.9,72074,673.56
02-11-2016,914,920,904.1,911,914.9,158985,1449.57
03-11-2016,915.45,924.95,887.1,889.95,891.55,160380,1453.4
04-11-2016,888.9,894.95,868,875,877.45,251518,2214.64
07-11-2016,886.3,905.25,877.05,888,887.45,217626,1940.51
08-11-2016,890.1,918.8,890.1,909,909.65,158425,1441.06
09-11-2016,835.15,882.85,818.7,870,869.95,242262,2089.01
10-11-2016,880,919.5,880,907.05,909.05,141792,1271.88
11-11-2016,902,910,866.35,892.3,887.7,204054,1805.96
15-11-2016,880,888.65,858.05,859.05,863.15,134712,1170.21
16-11-2016,880,880,842.5,860,863.45,155199,1336.62
17-11-2016,866.45,872.3,815,825.55,821.65,234863,1965.53
18-11-2016,814.9,835,795,821,821.8,517929,4187.33
21-11-2016,823.8,833.15,800,809,807.85,158028,1280.31
22-11-2016,811.3,819.05,780.25,785,785.05,247631,1960.88
23-11-2016,795,798.4,771,787.95,786.05,259587,2026.97
24-11-2016,788,796.45,775.95,784,786.3,260971,2053.43
25-11-2016,786.3,810.95,775.5,809,805.05,292243,2326.7
28-11-2016,810,830,800,830,825.6,277894,2277.69
29-11-2016,827,844,827,840.05,837.5,167198,1400.9
30-11-2016,840.1,846,835.1,844,843.05,128234,1079.17
01-12-2016,846,852.1,822.25,833.2,830.65,112882,942.65
02-12-2016,833,833,816.95,830.45,827.95,141290,1165.36
05-12-2016,830,850,818.15,847,839.5,153716,1275.09
06-12-2016,845.95,882,840.6,877.45,873,389444,3382.39
07-12-2016,876.1,886,860.1,862.6,863.55,211293,1846.74
08-12-2016,870,921.7,870,919,915.4,842979,7668.65
09-12-2016,922,933.3,906,928.9,927.4,404743,3728.84
12-12-2016,927,933,900,906,906.05,194862,1789.27
13-12-2016,909,917.25,892,916,912.3,109550,993.74
14-12-2016,913.4,915.9,895,896.5,897.35,121833,1098.03
15-12-2016,893.95,931,888.1,927,926.65,364287,3358.38
16-12-2016,937.8,939,913.1,918,916.55,211415,1952.7
19-12-2016,919.8,932,907.55,913.55,914.6,136467,1255.69
20-12-2016,914.1,931.75,900.55,907.5,906.2,223489,2053.99
21-12-2016,908.1,930.25,908.1,929.9,924.7,328732,3026.42
22-12-2016,929.9,972,928.05,968,963.7,1400137,13284.57
23-12-2016,981,983,962.1,977,971.55,1185014,11553.4
26-12-2016,965,965.05,935,950.1,950.25,398696,3783.63
27-12-2016,960.7,989,952.35,974,975.7,808561,7885.14
28-12-2016,980.75,985,970.15,977,974.4,367041,3592.49
29-12-2016,977.1,997.95,974.55,985.15,986.05,555233,5489.14
30-12-2016,986,1006.95,985.9,1004,1000.6,460675,4606.48
